sample_id,legacy_image_id,image_path,text,raw_order,parsed_teams,human_division__Atlantic Division,human_division__Central Division,human_division__Southeast Division,human_division__Northwest Division,human_division__Pacific Division,human_division__Southwest Division,human_polarity__positive,human_polarity__negative,human_polarity__neutral,human_type__humor,human_type__highlight,primary_team_or_context
1rpmzel,597,images_jpg/1rpmzel.jpg,"Deep dive on the ""Jalen's"" in the NBA",328,"Chicago Bulls, Detroit Pistons",0,1,0,0,0,0,0,0,1,1,0,Chicago Bulls; Detroit Pistons
1ru33ee,683,images_jpg/1ru33ee.jpg,Doc Rivers reacts to Kyle Kuzma's incredible pass,376,"LA Clippers, Los Angeles Lakers",0,0,0,0,1,0,1,0,0,0,1,LA Clippers; Los Angeles Lakers
1qz0jgk,317,images_jpg/1qz0jgk.jpg,"With his trade to Washington, AD has finally completed the Shaq rainbow 😳",183,"Los Angeles Lakers, Washington Wizards",0,0,1,0,1,0,0,0,1,1,0,Los Angeles Lakers; Washington Wizards
1q6ylt6,64,images_jpg/1q6ylt6.jpg,"Fun Fact did you know that a regular G league game with Yang Hansen included, had more viewership than: MLB Game 7, NFL Christmas, NBA Christmas, Stanley Cup. What would the numbers be if somehow Hansen and Blazers reach atleast conference finals.. If a regular G League game pulled almost 50m...",36,Portland Trail Blazers,0,0,0,1,0,0,0,0,1,1,0,Portland Trail Blazers
1s0rots,774,images_jpg/1s0rots.jpg,Why does the original Timberwof look so baked? lol,422,Minnesota Timberwolves,0,0,0,1,0,0,0,1,0,1,0,Minnesota Timberwolves
1s314j7,796,images_jpg/1s314j7.jpg,Lakers fans were frustrated with the officiating vs. the Pistons,435,"Detroit Pistons, Los Angeles Lakers",0,1,0,0,1,0,0,1,0,1,0,Detroit Pistons; Los Angeles Lakers
1sacr69,906,images_jpg/1sacr69.jpg,The Milwaukee Antetokounmpos,504,Milwaukee Bucks,0,1,0,0,0,0,0,0,1,1,0,Milwaukee Bucks
1s4usje,828,images_jpg/1s4usje.jpg,"Nikola ""Gru"" Jokic",454,Denver Nuggets,0,0,0,1,0,0,1,0,0,1,0,Denver Nuggets
1q5gest,54,images_jpg/1q5gest.jpg,"I apologize for my past statements.
[Original post](https://www.reddit.com/r/NBATalk/comments/1pjy82e/the_thunder_went_on_a_206_run_to_end_the_half_20/)",31,Oklahoma City Thunder,0,0,0,1,0,0,1,0,0,1,0,Oklahoma City Thunder
1qu3fhr,235,images_jpg/1qu3fhr.jpg,Lebron passed on his quirk to his son.,138,Los Angeles Lakers,0,0,0,0,1,0,0,0,1,0,0,Los Angeles Lakers
1rq10xh,604,images_jpg/1rq10xh.jpg,Holy Sh*t - Lebron is a real Goat,333,Cleveland Cavaliers,0,1,0,0,0,0,0,1,0,1,0,Cleveland Cavaliers
1rtb0tn,675,images_jpg/1rtb0tn.jpg,"Just trying to ride out the clock I guess
This was after a very long segment where John Wall listed colleges. Blake Griffin is now putting to use up the rest of the air time.",372,Washington Wizards,0,0,1,0,0,0,0,0,1,1,0,Washington Wizards
1qjz4le,167,images_jpg/1qjz4le.jpg,"Pure hypothetical hate if you want :)
Jaylen Brown and Luka on the same team would be an immediate 3 peat dynasty.

Offensively they would flow like butter and Jaylens defense is exactly what Luka needs next to him. Perfect duo. (They'd have better chemistry than Tatum/Brown too)

""Yo Rob send Reaves for Brown just heard the C's might fire their GM and hire Nico""",95,"Boston Celtics, Cleveland Cavaliers",1,1,0,0,0,0,1,0,0,0,0,Boston Celtics; Cleveland Cavaliers
1s0iwsd,769,images_jpg/1s0iwsd.jpg,"Kennard is a blessing for the Lakers. Stats don't lie.
Dangerous hungry white boy. Everything that Dalton should have been man 😭 feel sorry for Dalton fr tho.",420,Los Angeles Lakers,0,0,0,0,1,0,0,1,0,1,0,Los Angeles Lakers
1scpmg0,935,images_jpg/1scpmg0.jpg,Lakers fans are a different breed,526,Los Angeles Lakers,0,0,0,0,1,0,0,0,1,1,0,Los Angeles Lakers
1s4krem,823,images_jpg/1s4krem.jpg,LoL! Isiah Thomas still upset that MJ made sure he couldn’t be on the Dream Team in 1992,451,"Chicago Bulls, Detroit Pistons",0,1,0,0,0,0,0,1,0,1,0,Chicago Bulls; Detroit Pistons
1qn7fh7,191,images_jpg/1qn7fh7.jpg,actually Luka is really one of the best trash talkers in the game😆😆😆,110,Dallas Mavericks,0,0,0,0,0,1,1,0,0,1,0,Dallas Mavericks
1rm9jir,561,images_jpg/1rm9jir.jpg,He got the first pick in the NBA Draft but at what cost?,309,"Atlanta Hawks, Golden State Warriors",0,0,1,0,1,0,0,1,0,1,0,Atlanta Hawks; Golden State Warriors
1r3goni,357,images_jpg/1r3goni.jpg,"Imagine my surprise seeing this
I did not know about the Trade, and I thought Yeah this is a clear indication how NBA is outright supporting the Thunder.",206,Oklahoma City Thunder,0,0,0,1,0,0,0,0,1,0,0,Oklahoma City Thunder
1s7nbi8,865,images_jpg/1s7nbi8.jpg,Are The Magic Okay?,481,Orlando Magic,0,0,1,0,0,0,0,1,0,1,0,Orlando Magic
1saaayw,904,images_jpg/1saaayw.jpg,delayed revenge but spurs fans never forget,502,San Antonio Spurs,0,0,0,0,0,1,0,1,0,1,0,San Antonio Spurs
1s7jequ,863,images_jpg/1s7jequ.jpg,"Jimmy Butler character sheet. 4 teams, 3 suspensions, 1 ACL. The build is chaos!",479,"Atlanta Hawks, Boston Celtics, Charlotte Hornets, Chicago Bulls, Cleveland Cavaliers, Dallas Mavericks, Denver Nuggets, Miami Heat, Minnesota Timberwolves, New Orleans Pelicans, New York Knicks",1,1,1,1,0,1,0,1,0,1,0,Atlanta Hawks; Boston Celtics; Charlotte Hornets; Chicago Bulls; Cleveland Cavaliers; Dallas Mavericks; Denver Nuggets; Miami Heat; Minnesota Timberwolves; New Orleans Pelicans; New York Knicks
1s708az,853,images_jpg/1s708az.jpg,"Pre Champs vs Champs
Phil Jackson coaching the Pre champs​​, Pat Riley​​ coaching the champs. ​Young and athletic vs ​the savvy vets? ​​​​​Which version of these squads win?

Edit: No Nets Kidd, Heat Lebron or Laker Shaq for obvious reasons​​",472,Los Angeles Lakers,0,0,0,0,1,0,0,0,1,1,0,Los Angeles Lakers
1qznajw,325,images_jpg/1qznajw.jpg,Curry moon shot but Ben Simmons,191,"Golden State Warriors, Philadelphia 76ers",1,0,0,0,1,0,0,0,1,1,0,Golden State Warriors; Philadelphia 76ers
1qenern,126,images_jpg/1qenern.jpg,Durant+Shai 😳,72,Oklahoma City Thunder,0,0,0,1,0,0,0,1,0,1,0,Oklahoma City Thunder
1sa57ev,899,images_jpg/1sa57ev.jpg,"SGA is the 4th referee, you can't touch him",500,Atlanta Hawks,0,0,1,0,0,0,0,1,0,1,0,Atlanta Hawks
1re33og,474,images_jpg/1re33og.jpg,"Who wins in a foot race?
Both of their games relay heavily on speed. I'm realizing I'm realizing I have no idea who's faster. Forget the GOAT convo for a second, but just straight speed??????????????????????????????????????????????????????????????????????????????????????????????????( adding characters to meet the requirement)",263,"Golden State Warriors, Miami Heat",0,0,1,0,1,0,0,0,1,1,0,Golden State Warriors; Miami Heat
1sa4bro,897,images_jpg/1sa4bro.jpg,He asked Ant if he ever took a number 2 during a game two years ago.,498,"Atlanta Hawks, Detroit Pistons",0,1,1,0,0,0,0,0,1,1,0,Atlanta Hawks; Detroit Pistons
1q0jrti,17,images_jpg/1q0jrti.jpg,The Luka experience as a Laker fan,6,Los Angeles Lakers,0,0,0,0,1,0,0,0,1,1,0,Los Angeles Lakers
1s2inio,791,images_jpg/1s2inio.jpg,Bruh Embiid,432,Philadelphia 76ers,1,0,0,0,0,0,0,1,0,1,0,Philadelphia 76ers
1qpxvo5,207,images_jpg/1qpxvo5.jpg,Hawks Win 4 Straight!!!! For Fearless Wins!!!! AH AH AH AH!!!!,122,Atlanta Hawks,0,0,1,0,0,0,1,0,0,1,1,Atlanta Hawks
1r8dlsq,428,images_jpg/1r8dlsq.jpg,KD isn't here for Twitter nonsense. He's innocent.,241,"Brooklyn Nets, Golden State Warriors, Oklahoma City Thunder",1,0,0,1,1,0,0,0,1,1,0,Brooklyn Nets; Golden State Warriors; Oklahoma City Thunder
1rr6nf0,646,images_jpg/1rr6nf0.jpg,"""I love basketball. What's wrong with shooting below average from the floor and getting 43 FT's? STOP HATING!""",357,Golden State Warriors,0,0,0,0,1,0,0,0,1,1,0,Golden State Warriors
1s0aa2d,764,images_jpg/1s0aa2d.jpg,Hawks in the win column. It was a golden win.,417,"Atlanta Hawks, Golden State Warriors",0,0,1,0,1,0,1,0,0,0,1,Atlanta Hawks; Golden State Warriors
1rrkh5o,652,images_jpg/1rrkh5o.jpg,Steve Kerr would bench Bam after he scored 31 in the 1st quarter,359,Golden State Warriors,0,0,0,0,1,0,0,1,0,1,0,Golden State Warriors
1r9xz6l,440,images_jpg/1r9xz6l.jpg,"""How bad are the Kings?"" 
 This bad...",249,Sacramento Kings,0,0,0,0,1,0,0,1,0,1,0,Sacramento Kings
1q9cdly,91,images_jpg/1q9cdly.jpg,BREAKING: Anthony Davis just released his first signature shoe 😳,51,New Orleans Pelicans,0,0,0,0,0,1,0,0,1,1,0,New Orleans Pelicans
1s6jtvt,848,images_jpg/1s6jtvt.jpg,Jalen Duren hit a tough shot over Zion Williamson then smacked Zion in the butt,468,New Orleans Pelicans,0,0,0,0,0,1,0,1,0,1,0,New Orleans Pelicans
1reyv4h,481,images_jpg/1reyv4h.jpg,"Ignore the starting lineups and final score, just know the Pistons beat the number one team in the West!",266,"Detroit Pistons, Golden State Warriors",0,1,0,0,1,0,0,1,0,1,0,Detroit Pistons; Golden State Warriors
1qdv7v8,115,images_jpg/1qdv7v8.jpg,Westbrook dagger off the glass,67,Oklahoma City Thunder,0,0,0,1,0,0,1,0,0,0,1,Oklahoma City Thunder
1pyyn1y,5,images_jpg/1pyyn1y.jpg,"We got Draymond Green at home... Draymond Green at home:
...",1,Golden State Warriors,0,0,0,0,1,0,0,1,0,1,0,Golden State Warriors
1rd48x4,468,images_jpg/1rd48x4.jpg,Put Pascal Siakam on the Celtics this year instead of Jaylen Brown and they'd still roughly be where they are right now if not better,260,Boston Celtics,1,0,0,0,0,0,0,1,0,0,0,Boston Celtics
1qqkdv3,214,images_jpg/1qqkdv3.jpg,Giannis for Kuminga salary matching is actually quite simple,127,"Golden State Warriors, Milwaukee Bucks",0,1,0,0,1,0,0,0,1,1,0,Golden State Warriors; Milwaukee Bucks
1qbz103,105,images_jpg/1qbz103.jpg,"Shams: ""Dallas Mavericks' Anthony Davis is likely to undergo surgery to repair ligament damage in his left hand and miss several months, sources tell ESPN. His Dallas season is essentially over, given the prognosis and the Mavs' direction.""
Day-to-dayvis done for the season. Nico Harrison better not get a job as a janitor with an NBA team bruh.",61,Dallas Mavericks,0,0,0,0,0,1,0,1,0,1,0,Dallas Mavericks
1sb8nra,922,images_jpg/1sb8nra.jpg,The NBA if it was only cities where players want to live,515,"Atlanta Hawks, Brooklyn Nets, Charlotte Hornets",1,0,1,0,0,0,0,0,1,1,0,Atlanta Hawks; Brooklyn Nets; Charlotte Hornets
1qody38,200,images_jpg/1qody38.jpg,"This isn’t even a meme, there’s a love hotel in Shinjuku called Bron Mode. Bring on the jokes plz.",117,Brooklyn Nets,1,0,0,0,0,0,0,0,1,1,0,Brooklyn Nets
1r4v4kg,376,images_jpg/1r4v4kg.jpg,"If ""is not over until I win"" was a person 😳",214,Atlanta Hawks,0,0,1,0,0,0,0,1,0,1,0,Atlanta Hawks
1q9kss9,93,images_jpg/1q9kss9.jpg,MJ Fans are loosing their minds at KD right now 😂,53,"Brooklyn Nets, Oklahoma City Thunder",1,0,0,1,0,0,0,0,1,1,0,Brooklyn Nets; Oklahoma City Thunder
1qlgrba,177,images_jpg/1qlgrba.jpg,Clippers bros???,102,LA Clippers,0,0,0,0,1,0,0,1,0,1,0,LA Clippers
1sb3bwx,920,images_jpg/1sb3bwx.jpg,Luka missing out on All-NBA for a 2nd straight year.,513,Dallas Mavericks,0,0,0,0,0,1,0,1,0,1,0,Dallas Mavericks
1sbzft5,927,images_jpg/1sbzft5.jpg,Hawks Stomping Thru Brooklyn Like What!!!! Four Straight!!!!,519,"Atlanta Hawks, Brooklyn Nets",1,0,1,0,0,0,1,0,0,1,0,Atlanta Hawks; Brooklyn Nets
1rwm1lp,715,images_jpg/1rwm1lp.jpg,Never forget that 17 years ago they let the Bulls wear Celtic jerseys against them,393,"Boston Celtics, Chicago Bulls",1,1,0,0,0,0,0,1,0,1,0,Boston Celtics; Chicago Bulls
1rnrlw1,578,images_jpg/1rnrlw1.jpg,Philadelphia and Atlanta tonight,317,"Atlanta Hawks, Philadelphia 76ers",1,0,1,0,0,0,0,0,1,1,0,Atlanta Hawks; Philadelphia 76ers
1s5bg7m,832,images_jpg/1s5bg7m.jpg,Adam Silver determining which teams to punish for tanking after the new rule changes:,456,"Atlanta Hawks, Boston Celtics, Brooklyn Nets, Charlotte Hornets, Chicago Bulls",1,1,1,0,0,0,0,1,0,1,0,Atlanta Hawks; Boston Celtics; Brooklyn Nets; Charlotte Hornets; Chicago Bulls
1rjnwj4,536,images_jpg/1rjnwj4.jpg,The King 👑,298,Los Angeles Lakers,0,0,0,0,1,0,1,0,0,0,1,Los Angeles Lakers
1qanldg,97,images_jpg/1qanldg.jpg,Three Hawks Wins Straight!!! Ah Ah Ah!!!,56,Atlanta Hawks,0,0,1,0,0,0,1,0,0,1,0,Atlanta Hawks
1rh6jcc,505,images_jpg/1rh6jcc.jpg,How I felt watching Jokic crash out last night as a Blazers fan.,283,"Denver Nuggets, Portland Trail Blazers",0,0,0,1,0,0,0,1,0,1,0,Denver Nuggets; Portland Trail Blazers
1sdb912,942,images_jpg/1sdb912.jpg,Figuring out how to survive the first round in the playoffs,529,"Atlanta Hawks, Boston Celtics, Brooklyn Nets, Charlotte Hornets, Chicago Bulls, Cleveland Cavaliers, Dallas Mavericks, Denver Nuggets, Detroit Pistons, Golden State Warriors, Houston Rockets, Indiana Pacers, LA Clippers, Los Angeles Lakers, Memphis Grizzlies, Miami Heat, Milwaukee Bucks, Minnesota Timberwolves",1,1,1,1,1,1,0,1,0,1,0,Atlanta Hawks; Boston Celtics; Brooklyn Nets; Charlotte Hornets; Chicago Bulls; Cleveland Cavaliers; Dallas Mavericks; Denver Nuggets; Detroit Pistons; Golden State Warriors; Houston Rockets; Indiana Pacers; LA Clippers; Los Angeles Lakers; Memphis Grizzlies; Miami Heat; Milwaukee Bucks; Minnesota Timberwolves
1r5s49c,386,images_jpg/1r5s49c.jpg,KD the funniest athlete lmaoooo,220,Oklahoma City Thunder,0,0,0,1,0,0,1,0,0,1,0,Oklahoma City Thunder
1r2r55j,350,images_jpg/1r2r55j.jpg,Russel,204,Oklahoma City Thunder,0,0,0,1,0,0,0,1,0,1,0,Oklahoma City Thunder
1q4yfue,43,images_jpg/1q4yfue.jpg,"Wrong answers only
Did anyone else know that Luka’s dad was in this tv show. “My two dad’s” from the late 1980’s early 90s.",24,Dallas Mavericks,0,0,0,0,0,1,0,0,1,1,0,Dallas Mavericks
1s3yi06,811,images_jpg/1s3yi06.jpg,Living off of one good season in Boston,442,Boston Celtics,1,0,0,0,0,0,0,1,0,1,0,Boston Celtics
1r7jv1w,417,images_jpg/1r7jv1w.jpg,CCTV footage from the Houston Rockets Training Center,234,Houston Rockets,0,0,0,0,0,1,0,1,0,1,0,Houston Rockets
1q7ty2r,75,images_jpg/1q7ty2r.jpg,"TBT: Who was the biggest snub on the NBA 75 greatest list?
Lot of solid names on this list from the NBA 75th anniversary team. Hard to overlook Vinsanity imho.",42,"Memphis Grizzlies, Toronto Raptors",1,0,0,0,0,1,0,0,1,0,1,Memphis Grizzlies; Toronto Raptors
1r60a12,396,images_jpg/1r60a12.jpg,Tari Eason in the locker room after KD files drop:,227,Oklahoma City Thunder,0,0,0,1,0,0,0,0,1,1,0,Oklahoma City Thunder
1sbikip,924,images_jpg/1sbikip.jpg,"Luka at OKC losing MVP race
https://youtu.be/Y9j3heYZAk8?si=ktHKX4K6j8X2EMls

Luka going down vs okc. Sorry MVP season. Shai it’s yours to lose to Wemby now",517,Oklahoma City Thunder,0,0,0,1,0,0,0,1,0,0,0,Oklahoma City Thunder
1qyxpcl,316,images_jpg/1qyxpcl.jpg,Spurs are back,182,San Antonio Spurs,0,0,0,0,0,1,0,0,1,0,0,San Antonio Spurs
1qkivni,169,images_jpg/1qkivni.jpg,"Luka out here ""Shaqtin' a Fool"". Turns down wide open 3 ball late in 4th quarter 😭",97,Dallas Mavericks,0,0,0,0,0,1,0,1,0,1,0,Dallas Mavericks
1s9860d,888,images_jpg/1s9860d.jpg,"But when you slightly touch Shai, it's a foul",492,Oklahoma City Thunder,0,0,0,1,0,0,0,1,0,1,0,Oklahoma City Thunder
1rt40uj,672,images_jpg/1rt40uj.jpg,Trae Young is the ultimate Good Luck Charm... for the other team,370,Atlanta Hawks,0,0,1,0,0,0,0,1,0,1,0,Atlanta Hawks
1q52pmp,44,images_jpg/1q52pmp.jpg,A truly historic run by Draymond Green 🙏🏽,25,Golden State Warriors,0,0,0,0,1,0,1,0,0,0,1,Golden State Warriors
1rmf7ms,562,images_jpg/1rmf7ms.jpg,Imagine if twitter were around and this pic was on the net every time Dr J had a bad game lmao,310,Philadelphia 76ers,1,0,0,0,0,0,0,1,0,1,0,Philadelphia 76ers
1qx6jhq,293,images_jpg/1qx6jhq.jpg,Simply the best,174,Golden State Warriors,0,0,0,0,1,0,0,0,1,1,0,Golden State Warriors
1s4gs79,820,images_jpg/1s4gs79.jpg,"Sir, Caitlin Clark just murdered Lebron James",448,Los Angeles Lakers,0,0,0,0,1,0,0,1,0,1,0,Los Angeles Lakers
1s61sb5,840,images_jpg/1s61sb5.jpg,LeBron's character sheet. Year 22. The process cannot be terminated.,462,Cleveland Cavaliers,0,1,0,0,0,0,0,1,0,1,0,Cleveland Cavaliers
1q57tt7,48,images_jpg/1q57tt7.jpg,Shai is really a 1 of 1 player. Imagine pulling out the flopping face at the free throw line SMH.,28,"Oklahoma City Thunder, Toronto Raptors",1,0,0,1,0,0,0,1,0,1,0,Oklahoma City Thunder; Toronto Raptors
1rvu6o1,705,images_jpg/1rvu6o1.jpg,Trust half The Process,388,Golden State Warriors,0,0,0,0,1,0,0,1,0,1,0,Golden State Warriors
1r567ql,380,images_jpg/1r567ql.jpg,"Congrats to the GOAT PG of all time (not counting Isiah Thomas, Nash, Luka, SGA, Magic, Oscar Robertson, Kyrie or Steph)",217,"Boston Celtics, Brooklyn Nets, Chicago Bulls",1,1,0,0,0,0,1,0,0,0,1,Boston Celtics; Brooklyn Nets; Chicago Bulls
1qnqyf4,196,images_jpg/1qnqyf4.jpg,"I got the perfect team in a random nba lineup generator🤣 This is only the best I’ve gotten so far.
I feel like it is the best so far With ANT and Joker but I feel like Hunter Tyson would be Ideal (Just Kidding!)",113,"Chicago Bulls, New Orleans Pelicans, San Antonio Spurs, Toronto Raptors",1,1,0,0,0,1,1,0,0,1,0,Chicago Bulls; New Orleans Pelicans; San Antonio Spurs; Toronto Raptors
1qugfwd,239,images_jpg/1qugfwd.jpg,Bol Bol doxxing his clothing plug on his fashion Insta,142,Denver Nuggets,0,0,0,1,0,0,0,1,0,1,0,Denver Nuggets
1rzhgv8,756,images_jpg/1rzhgv8.jpg,Jalen Green traveled all the way to his hometown Philippines,412,Houston Rockets,0,0,0,0,0,1,0,0,1,1,0,Houston Rockets
1rq5rki,605,images_jpg/1rq5rki.jpg,"Adam Silver announces Atlantas “Magic City Night” will be replaced with MMA night where Isiah Stewart will fight Musa Diabate
“We saw the card set to go down at the White House and just had to respond in kind with a spectacle of our own.”",334,Atlanta Hawks,0,0,1,0,0,0,0,1,0,1,0,Atlanta Hawks
1qe3h1t,117,images_jpg/1qe3h1t.jpg,"Thunderstruck 2.0?
Kevin, you can’t do that.",69,Oklahoma City Thunder,0,0,0,1,0,0,0,1,0,1,0,Oklahoma City Thunder
1rk0dbj,541,images_jpg/1rk0dbj.jpg,"Joe Mazzulla Reiterates Jayson Tatum Will Not Return Until He Passes The ‘Mazzulla Logic-Puzzle Meridian’
From The Onion:

  
BOSTON—Amid continued speculation about when the injured Celtics star might return to action, head coach Joe Mazzulla told reporters Tuesday that Jayson Tatum would remain sidelined until he successfully completed the “Mazzulla Logic-Puzzle Meridian,” a riddle- and reason-based gauntlet he devised to assess players’ mental readiness. “Look, I know it’s your guys’ job to ask, but my answer is the same as always: Jayson won’t be back on the floor until he scores at least an eight on the Mazzulla Logic Meridian, and he’s just not there yet,” a visibly annoyed Mazzulla told reporters, adding that while the forward had made encouraging progress on the Puzzle Corridor and successfully identified which of the seven bishop’s owls swallowed the golden mouse, he was still behind the ball at processing the Farmer’s Paradoxes at game speed. “He’s our future, okay? And we’re not going to put him out there if there’s any risk at all of him overheating mentally. So that’s why I need to be absolutely sure he can solve the Four-Level Riddle of the Mazzulla Arch-Conundrum. The worst thing we can do is set him back for next year with comprehension fatigue, right? He’s getting there. He’s putting in the work. But until he can distinguish the Staircase of Truth from the Staircase of Deception in under 40 seconds, there’s really nothing new to report.” At press time, Tatum had reportedly suffered a setback after he failed to clear the Serpent’s Cipher and accidentally moved on to the Riddler’s Crossing too soon, bumping his return timeline back another two to four weeks.",301,Boston Celtics,1,0,0,0,0,0,0,1,0,1,0,Boston Celtics
1qv30qo,247,images_jpg/1qv30qo.jpg,The Parade is over...,146,Boston Celtics,1,0,0,0,0,0,0,1,0,1,0,Boston Celtics
1rpxi2v,600,images_jpg/1rpxi2v.jpg,"I figured out how SGA does it
If you know how officiating works, you know there's a seniority. At every game, there's a senior level ref who the other refs will defer to. SGA knows where that ref is at all times and makes sure that he can't see whether or not there was contact. So on this play in the 1st, he knows the ref behind him is not a rookie ref and therefore is expected to make calls himself (not defer). He also knows to angle his body so the ref can't tell whether or not it's a flop. (it is)....",331,Golden State Warriors,0,0,0,0,1,0,0,0,1,0,0,Golden State Warriors
1qqdn4m,212,images_jpg/1qqdn4m.jpg,"Breaking News on The Freaky Greeky
Bucks trade former MVP and certified Freak to the Dodgers for prime Magic Johnson, also certified as a Freak.",126,Milwaukee Bucks,0,1,0,0,0,0,0,1,0,1,0,Milwaukee Bucks
1rm474k,558,images_jpg/1rm474k.jpg,Luka v. Jokic be like,307,"Dallas Mavericks, Denver Nuggets",0,0,0,1,0,1,0,0,1,1,0,Dallas Mavericks; Denver Nuggets
1r8fjnk,429,images_jpg/1r8fjnk.jpg,How did everyone come to view KD after the files,242,"Brooklyn Nets, Oklahoma City Thunder",1,0,0,1,0,0,0,0,1,0,0,Brooklyn Nets; Oklahoma City Thunder
1q72qq9,70,images_jpg/1q72qq9.jpg,Hair line 9 &amp; 3/4,38,Boston Celtics,1,0,0,0,0,0,0,0,1,1,0,Boston Celtics
1rtaocv,673,images_jpg/1rtaocv.jpg,Next stop for Kerr,371,Golden State Warriors,0,0,0,0,1,0,0,0,1,0,0,Golden State Warriors
1qvtw89,266,images_jpg/1qvtw89.jpg,"Bronny James Jr.
Bronny is by far the best 55th pick we've ever seen in the league. I genuinely believe he could turn into a solid bench or sixth man. He has shown glimpses of promise and I think if he improved as much as he did this year he will be a solid player. People are forgetting about PRE-CARDIAC ARREST Bronny. When he was at Sierra Canyon he was going crazy until his unfortunate medical issue. But he survived which is a 10% chance which means Bronny is 1/10 phenomenon. People also forget during the summer league Bronny was low key doing pretty good. He was one of the best people on the Summer League team aside from Dalton Knecht. He even locked up Cooper Flagg who recently just dropped 49 points and is looking to be the rookie of the year. If Bronny held him to 8 while the Hornets (On the longest win streak currently and have beat the Thunder 27) barely stopped him from getting 50. Just saying, Bronny might be the GOAT. No one else has the whole arena begging him to get put in from the start of the game to the end. Also did you know, Bronny has more points this season than Michael Jordan, Kobe, Jayson Tatum, Tyrese Haliburton, and Kyrie Irving combined. That is GOAT material.",158,Charlotte Hornets,0,0,1,0,0,0,1,0,0,0,0,Charlotte Hornets
1qvqx8p,265,images_jpg/1qvqx8p.jpg,President Obama nothing but net!,157,Brooklyn Nets,1,0,0,0,0,0,1,0,0,1,0,Brooklyn Nets
1qer8nt,128,images_jpg/1qer8nt.jpg,Did yall ever think that Spencer Jones looks like Yakub?,74,Atlanta Hawks,0,0,1,0,0,0,0,0,1,1,0,Atlanta Hawks
1rhcjj2,508,images_jpg/1rhcjj2.jpg,Chubby horse boy and the refs be like,285,LA Clippers,0,0,0,0,1,0,0,1,0,1,0,LA Clippers
1qv0zok,246,images_jpg/1qv0zok.jpg,The Onion with another W,145,Atlanta Hawks,0,0,1,0,0,0,0,1,0,1,0,Atlanta Hawks
1sa4dec,898,images_jpg/1sa4dec.jpg,The Magic Doesn’t Work on The Hawks!!! That’s three straight wins!!! Ah Ah Ah!!!,499,"Atlanta Hawks, Orlando Magic",0,0,1,0,0,0,1,0,0,0,1,Atlanta Hawks; Orlando Magic
1r0ozdw,332,images_jpg/1r0ozdw.jpg,Where the pistons and hornets are headed,193,"Charlotte Hornets, Detroit Pistons",0,1,1,0,0,0,0,0,1,1,0,Charlotte Hornets; Detroit Pistons
1rxxwmu,736,images_jpg/1rxxwmu.jpg,Dude is officially allergic to 30,402,Golden State Warriors,0,0,0,0,1,0,0,1,0,1,0,Golden State Warriors
1s8eqcg,876,images_jpg/1s8eqcg.jpg,SGA with 25 FTAs tonight,486,Golden State Warriors,0,0,0,0,1,0,0,0,1,1,0,Golden State Warriors
1q56et3,45,images_jpg/1q56et3.jpg,IS THIS YOUR KING?!?!,26,Golden State Warriors,0,0,0,0,1,0,0,1,0,1,0,Golden State Warriors
1qvzjfv,273,images_jpg/1qvzjfv.jpg,"Hornets realizing Ousmane Dieng might be on their roster:
Traded his ass before he was even on roster. Is negative ten minutes the shortest stint with a team in NBA history?",161,Charlotte Hornets,0,0,1,0,0,0,0,1,0,1,0,Charlotte Hornets
1r9wnj8,439,images_jpg/1r9wnj8.jpg,When the Knicks lose their 3 games against the Pistons by 84 combined points:,248,"Detroit Pistons, New York Knicks",1,1,0,0,0,0,0,1,0,1,0,Detroit Pistons; New York Knicks
1rj6cxv,531,images_jpg/1rj6cxv.jpg,Jordan 🚀🚀,297,Chicago Bulls,0,1,0,0,0,0,0,1,0,1,0,Chicago Bulls
1r0oa4p,331,images_jpg/1r0oa4p.jpg,When Isaiah Stewart sees a scuffle starting,192,Cleveland Cavaliers,0,1,0,0,0,0,0,0,1,1,0,Cleveland Cavaliers
1rtn68f,677,images_jpg/1rtn68f.jpg,Blake Griffin doing the Kawhi laugh,374,LA Clippers,0,0,0,0,1,0,0,0,1,1,0,LA Clippers
1qyrrot,314,images_jpg/1qyrrot.jpg,I think the pistons broke bro 😭,181,Detroit Pistons,0,1,0,0,0,0,0,1,0,1,0,Detroit Pistons
1sa25bl,896,images_jpg/1sa25bl.jpg,It’s rough out there for us bulls fans rn,497,Chicago Bulls,0,1,0,0,0,0,0,1,0,1,0,Chicago Bulls
1rjsng9,540,images_jpg/1rjsng9.jpg,"Sacramento ""Washed"" Kings",300,Sacramento Kings,0,0,0,0,1,0,0,1,0,1,0,Sacramento Kings
1rh3sth,504,images_jpg/1rh3sth.jpg,"Chuck: ""I don't mind touching guys up... I believe in touching guys up.""",282,"Atlanta Hawks, Boston Celtics, Brooklyn Nets, Charlotte Hornets, Chicago Bulls, Cleveland Cavaliers, Dallas Mavericks, Denver Nuggets, Detroit Pistons, Golden State Warriors, Houston Rockets, Indiana Pacers, LA Clippers, Los Angeles Lakers, Memphis Grizzlies, Miami Heat, Milwaukee Bucks, Minnesota Timberwolves",1,1,1,1,1,1,0,0,1,0,0,Atlanta Hawks; Boston Celtics; Brooklyn Nets; Charlotte Hornets; Chicago Bulls; Cleveland Cavaliers; Dallas Mavericks; Denver Nuggets; Detroit Pistons; Golden State Warriors; Houston Rockets; Indiana Pacers; LA Clippers; Los Angeles Lakers; Memphis Grizzlies; Miami Heat; Milwaukee Bucks; Minnesota Timberwolves
1qw2dph,277,images_jpg/1qw2dph.jpg,First Look at Anthony Davis as a Wizard.,164,Washington Wizards,0,0,1,0,0,0,0,0,1,1,0,Washington Wizards
1rsdj0p,663,images_jpg/1rsdj0p.jpg,Ayoooo what’s going on in Orlando?,365,Orlando Magic,0,0,1,0,0,0,0,1,0,1,0,Orlando Magic
1s6oe9u,849,images_jpg/1s6oe9u.jpg,Which duo would win the most rings?,469,"Chicago Bulls, Los Angeles Lakers",0,1,0,0,1,0,0,0,1,1,0,Chicago Bulls; Los Angeles Lakers
1ru3e0p,684,images_jpg/1ru3e0p.jpg,"""Fuck that thinner air in Denver. There’s about 15–20% less oxygen per breath there than at sea level. Shit's dangerous."" - Joel Embiid",377,Denver Nuggets,0,0,0,1,0,0,0,1,0,1,0,Denver Nuggets
1rgu5kk,500,images_jpg/1rgu5kk.jpg,When SGA don't get his free throws,280,"Phoenix Suns, Toronto Raptors",1,0,0,0,1,0,0,1,0,1,0,Phoenix Suns; Toronto Raptors
1qcj6oy,109,images_jpg/1qcj6oy.jpg,Should we start calling AD= Elijah Price?,64,New Orleans Pelicans,0,0,0,0,0,1,0,1,0,1,0,New Orleans Pelicans
1qpoh2p,205,images_jpg/1qpoh2p.jpg,Me just eating popcorn as Doc Rivers calls Joel Embiid the most talents player he's coached days before the divorce with Giannis is finalized. I wonder where he'll get traded too. Personally I'm thinking Miami.,120,"Miami Heat, Milwaukee Bucks, Philadelphia 76ers",1,1,1,0,0,0,0,1,0,1,0,Miami Heat; Milwaukee Bucks; Philadelphia 76ers
1qwhdr7,287,images_jpg/1qwhdr7.jpg,The curse of the snitch?,172,"Boston Celtics, Los Angeles Lakers",1,0,0,0,1,0,0,1,0,1,0,Boston Celtics; Los Angeles Lakers
1rsqw5h,668,images_jpg/1rsqw5h.jpg,Dejounte Murray with the most disrespectful crossover,367,Atlanta Hawks,0,0,1,0,0,0,0,1,0,1,0,Atlanta Hawks
1rvbv8m,700,images_jpg/1rvbv8m.jpg,You can't touch Shai but he can touch you,385,"Oklahoma City Thunder, Toronto Raptors",1,0,0,1,0,0,0,1,0,1,0,Oklahoma City Thunder; Toronto Raptors
1rr1gd2,645,images_jpg/1rr1gd2.jpg,"Hottest in the NBA!!!!!!! Seven Straight Hox Wins!
AH AH AH AH AH AH AH AH",356,Houston Rockets,0,0,0,0,0,1,1,0,0,1,1,Houston Rockets
1rpppbg,598,images_jpg/1rpppbg.jpg,Just Dort activities.,329,Detroit Pistons,0,1,0,0,0,0,0,1,0,1,0,Detroit Pistons
1qkfzp9,168,images_jpg/1qkfzp9.jpg,“Mike Dunleavy Jr. selling 29 other teams on Kuminga”,96,Golden State Warriors,0,0,0,0,1,0,0,0,1,1,0,Golden State Warriors
1rn7hjg,575,images_jpg/1rn7hjg.jpg,"Wembanyama after every win, Man is a Psychopath",315,San Antonio Spurs,0,0,0,0,0,1,0,1,0,1,0,San Antonio Spurs
1qnloaq,195,images_jpg/1qnloaq.jpg,Throwback to when Fred Vanvleet crossed up a kid at his camp and posted it on his IG,112,Toronto Raptors,1,0,0,0,0,0,1,0,0,1,0,Toronto Raptors
1s7uo0a,867,images_jpg/1s7uo0a.jpg,Prime glassman Day-to-Davis,482,New Orleans Pelicans,0,0,0,0,0,1,0,1,0,1,0,New Orleans Pelicans
1qlfbxp,175,images_jpg/1qlfbxp.jpg,Giannis and the Bucks,100,Milwaukee Bucks,0,1,0,0,0,0,0,1,0,1,0,Milwaukee Bucks
1qa1n0a,95,images_jpg/1qa1n0a.jpg,"4th down, season on the line and Caleb Williams hit the Jordan Jumpman logo in Chicago 🔥",54,Chicago Bulls,0,1,0,0,0,0,1,0,0,0,1,Chicago Bulls
1qmauw1,184,images_jpg/1qmauw1.jpg,Are these guy from Switzerland😂,107,"Brooklyn Nets, Charlotte Hornets",1,0,1,0,0,0,0,0,1,1,0,Brooklyn Nets; Charlotte Hornets
1r76gs1,413,images_jpg/1r76gs1.jpg,Peak Harden hate era had to been the funniest era in the NBA,233,"Cleveland Cavaliers, Houston Rockets",0,1,0,0,0,1,0,1,0,1,0,Cleveland Cavaliers; Houston Rockets
1rd7w6p,469,images_jpg/1rd7w6p.jpg,DeMarcus is full of love man 😎❤️‍🩹🔥,261,Sacramento Kings,0,0,0,0,1,0,1,0,0,0,0,Sacramento Kings
1sallit,911,images_jpg/1sallit.jpg,Victor Wembanyama be moving like Mr.Fantastic 😆😆,508,San Antonio Spurs,0,0,0,0,0,1,1,0,0,1,0,San Antonio Spurs
1r19ei1,338,images_jpg/1r19ei1.jpg,He got that Aardvark in him,198,Atlanta Hawks,0,0,1,0,0,0,1,0,0,1,0,Atlanta Hawks
1q208ii,25,images_jpg/1q208ii.jpg,This picture goes hard. Kawhi is on one lately,12,Toronto Raptors,1,0,0,0,0,0,1,0,0,0,1,Toronto Raptors
1qz8xu0,321,images_jpg/1qz8xu0.jpg,Loading that shit up like a punch 😅,187,"Boston Celtics, Chicago Bulls",1,1,0,0,0,0,0,1,0,1,0,Boston Celtics; Chicago Bulls
1r5w8ai,392,images_jpg/1r5w8ai.jpg,"The KD Files now have a helpful database.
Very helpful, will poke around later see if any interesting names pop up. Tried searching harden and a lot came up.",224,"Golden State Warriors, Oklahoma City Thunder",0,0,0,1,1,0,0,0,1,0,0,Golden State Warriors; Oklahoma City Thunder
1rvthkx,703,images_jpg/1rvthkx.jpg,TEN STRAIGHT HOX WINS!!! We run the south east!!! AH AH AH AH AH AH AH AH AH AH,386,"Atlanta Hawks, Charlotte Hornets",0,0,1,0,0,0,1,0,0,0,1,Atlanta Hawks; Charlotte Hornets
1qf4dyo,130,images_jpg/1qf4dyo.jpg,Deandre Hunter is Flop Embiid father,76,"Atlanta Hawks, Philadelphia 76ers",1,0,1,0,0,0,0,1,0,1,0,Atlanta Hawks; Philadelphia 76ers
1qkux81,171,images_jpg/1qkux81.jpg,Luka is actually an underrated defender,98,Dallas Mavericks,0,0,0,0,0,1,0,1,0,1,0,Dallas Mavericks
1s4tuh8,827,images_jpg/1s4tuh8.jpg,"M0NST⭐️R JALEN DUREN 2076!
Jalen Duren #0",453,Atlanta Hawks,0,0,1,0,0,0,1,0,0,1,0,Atlanta Hawks
1s5o9yt,836,images_jpg/1s5o9yt.jpg,Jordan wannabe,458,Chicago Bulls,0,1,0,0,0,0,0,1,0,1,0,Chicago Bulls
1rpgkkk,592,images_jpg/1rpgkkk.jpg,"We only allow ass beatings here, not ass smacking!",325,Atlanta Hawks,0,0,1,0,0,0,0,1,0,1,0,Atlanta Hawks
1rd37xn,467,images_jpg/1rd37xn.jpg,Go Tanks!,259,Houston Rockets,0,0,0,0,0,1,1,0,0,0,0,Houston Rockets
1qh84ne,146,images_jpg/1qh84ne.jpg,Watching Ant V Wemby,85,Atlanta Hawks,0,0,1,0,0,0,0,0,1,1,0,Atlanta Hawks
1r1m30c,342,images_jpg/1r1m30c.jpg,"Bro predicted 6 years ago 💀💀
I was scrolling through \*cough cough\* for nba 2k play throughs obviously, when I found this random comment prediction the AD trade 6 years ago. Nah this man is a visionary who's seen the future , somebody find him 💀💀",201,"Los Angeles Lakers, New Orleans Pelicans",0,0,0,0,1,1,0,0,1,1,0,Los Angeles Lakers; New Orleans Pelicans
1rpdzg7,591,images_jpg/1rpdzg7.jpg,Luke Kornet undefeated against strip clubs,324,Detroit Pistons,0,1,0,0,0,0,0,0,1,1,0,Detroit Pistons
1rh95gd,506,images_jpg/1rh95gd.jpg,"The Joker
🃏""Why so serious, Dort?🃏 I have the sneaking suspicion we’re not giving the people what they want.”🃏",284,Los Angeles Lakers,0,0,0,0,1,0,0,1,0,1,0,Los Angeles Lakers
1r4ym75,377,images_jpg/1r4ym75.jpg,Haters got KD fighting for his life,215,"Golden State Warriors, Oklahoma City Thunder",0,0,0,1,1,0,0,1,0,1,0,Golden State Warriors; Oklahoma City Thunder
1s2fq0a,790,images_jpg/1s2fq0a.jpg,Damn this look like a move that Chris Paul would do 😅,431,LA Clippers,0,0,0,0,1,0,0,1,0,1,0,LA Clippers
1r5vkzk,391,images_jpg/1r5vkzk.jpg,Jaylen brown with the step back three,223,Boston Celtics,1,0,0,0,0,0,1,0,0,1,0,Boston Celtics
1rorbpj,587,images_jpg/1rorbpj.jpg,The Pistons if Cade Cunningham doesn't exist,321,Detroit Pistons,0,1,0,0,0,0,0,0,1,1,0,Detroit Pistons
1q745uu,71,images_jpg/1q745uu.jpg,End of Another Hawk Era! Trae left it all on the court for the Hawks. Hawks Show Must Go On. Trae’s must too. AH AH AH!!!,39,Atlanta Hawks,0,0,1,0,0,0,1,0,0,0,1,Atlanta Hawks
1q0w0pe,23,images_jpg/1q0w0pe.jpg,Truly an unforgettable moment,11,"Boston Celtics, Golden State Warriors",1,0,0,0,1,0,1,0,0,1,0,Boston Celtics; Golden State Warriors
1s4c908,817,images_jpg/1s4c908.jpg,Derrick White vicious foul on SGA,446,San Antonio Spurs,0,0,0,0,0,1,0,1,0,1,0,San Antonio Spurs
1pyvrl5,3,images_jpg/1pyvrl5.jpg,"Video from 11 years ago titled ""Karl Towns POSTERS DEFENDER at 2014 Nike Hoop Summit.” Look who the defender turned out to be
Link - [https://youtu.be/g4bnBDBsM7g?si=gsOaiyBwNZb4u8ED](https://youtu.be/g4bnBDBsM7g?si=gsOaiyBwNZb4u8ED)",0,Minnesota Timberwolves,0,0,0,1,0,0,0,0,1,1,0,Minnesota Timberwolves
1rgk63h,495,images_jpg/1rgk63h.jpg,LeBron realizing why Portland paid DominAyton to go away:,276,"Los Angeles Lakers, Phoenix Suns, Portland Trail Blazers",0,0,0,1,1,0,0,1,0,1,0,Los Angeles Lakers; Phoenix Suns; Portland Trail Blazers
1q2mtiy,30,images_jpg/1q2mtiy.jpg,Two Thrilling Hawks Wins!! Ah Ah!!,17,Atlanta Hawks,0,0,1,0,0,0,1,0,0,1,0,Atlanta Hawks
1qvb7ad,252,images_jpg/1qvb7ad.jpg,A Harden-Mitchell backcourt,149,"Houston Rockets, Utah Jazz",0,0,0,1,0,1,0,0,1,1,0,Houston Rockets; Utah Jazz
1rqyyc0,641,images_jpg/1rqyyc0.jpg,Do you think Bam has discovered the true nature of being a NBA player after his 83 point explosion?,352,Miami Heat,0,0,1,0,0,0,0,0,1,1,0,Miami Heat
1qfspp8,136,images_jpg/1qfspp8.jpg,KD disgusted after Gobert’s air ball ft’s,77,"Oklahoma City Thunder, Utah Jazz",0,0,0,1,0,0,0,1,0,1,0,Oklahoma City Thunder; Utah Jazz
1q4eko4,38,images_jpg/1q4eko4.jpg,Anthony Edwards vicious foul on SGA,22,Atlanta Hawks,0,0,1,0,0,0,0,1,0,1,0,Atlanta Hawks
1q8w20q,87,images_jpg/1q8w20q.jpg,Rockets announcers said Deni Advija is a mix of LeBron and Harden 😭,49,Houston Rockets,0,0,0,0,0,1,0,1,0,1,0,Houston Rockets
1ru59d9,686,images_jpg/1ru59d9.jpg,"No sign of Jamal Jordan vs. the Lakers tonight.
Jamal finished with 5 points on 1-for-14 shooting and fouled out as the Nuggets fell to the Lakers in OT.",379,"Denver Nuggets, Los Angeles Lakers",0,0,0,1,1,0,0,1,0,0,0,Denver Nuggets; Los Angeles Lakers
1qcwx9n,111,images_jpg/1qcwx9n.jpg,“Defense wins championships”,65,Boston Celtics,1,0,0,0,0,0,0,0,1,1,0,Boston Celtics
1rqlbch,633,images_jpg/1rqlbch.jpg,"Best Conspiracy: Jaylen Brown Ejection
1) NBA didn't want Brown to distract from the Heat/Wizards Game

2) Nike wanted Jaylen out so he didn't upstage their athlete Wemby

3) NBA wanted a tight game. Advanced stats know JB is a net negative, ejection guaranteed a close game

4) Basketball gods cursed Brown with bad whistle over misspelling ""Naismith""

5) Drama: JB can't handle Tatum potentially taking the team back, emotions took over",350,"Miami Heat, Washington Wizards",0,0,1,0,0,0,0,1,0,1,0,Miami Heat; Washington Wizards
1ru7k0v,687,images_jpg/1ru7k0v.jpg,The Lakers finally got the W,380,Los Angeles Lakers,0,0,0,0,1,0,1,0,0,1,0,Los Angeles Lakers
1qve8sv,256,images_jpg/1qve8sv.jpg,Drew anime Shai what would be his named attacks?,152,Oklahoma City Thunder,0,0,0,1,0,0,0,0,1,0,0,Oklahoma City Thunder
1ryj5f5,746,images_jpg/1ryj5f5.jpg,Luka really had Karens flipping him off💀,406,Dallas Mavericks,0,0,0,0,0,1,0,1,0,1,0,Dallas Mavericks
1rpy72w,602,images_jpg/1rpy72w.jpg,"This is why people hate Thunder defense. Jaylin Williams knows he can't block this shot with Murray in the way. Instead of accepting that, he bulldozes Murray, hoping the foul gets called prior to the shot.",332,Oklahoma City Thunder,0,0,0,1,0,0,0,1,0,1,0,Oklahoma City Thunder
1rnsqp8,580,images_jpg/1rnsqp8.jpg,Jamal Murray when he sees the Lakers on the schedule,319,Los Angeles Lakers,0,0,0,0,1,0,0,1,0,1,0,Los Angeles Lakers
1s9b0ib,889,images_jpg/1s9b0ib.jpg,Go Blazers,493,Portland Trail Blazers,0,0,0,1,0,0,1,0,0,0,0,Portland Trail Blazers
1s7d1rw,859,images_jpg/1s7d1rw.jpg,You can be the next PAT BEV (2025)!!!,477,Los Angeles Lakers,0,0,0,0,1,0,0,0,1,1,0,Los Angeles Lakers
1rguqdu,502,images_jpg/1rguqdu.jpg,"Ernie Johnson: ""It is Alex Caruso, it is my son, and, there'll be a little something extra in your allowance this week; that was a heck of a game.""",281,Los Angeles Lakers,0,0,0,0,1,0,0,0,1,0,1,Los Angeles Lakers
1scrzzh,937,images_jpg/1scrzzh.jpg,LeBron and Bronny became the first father-son duo to cut the lead to 42,527,Los Angeles Lakers,0,0,0,0,1,0,1,0,0,1,0,Los Angeles Lakers
1rr1bxt,644,images_jpg/1rr1bxt.jpg,That’s Seven Straight Hawks Wins!!!Ah Ah Ah Ah Ah Ah Ah!!!!!!!,355,Atlanta Hawks,0,0,1,0,0,0,1,0,0,0,1,Atlanta Hawks
1r5u7ht,389,images_jpg/1r5u7ht.jpg,Live look at Kawhi after scoring 11 straight points for Team Stripes,222,Toronto Raptors,1,0,0,0,0,0,1,0,0,0,1,Toronto Raptors
1r1hayd,340,images_jpg/1r1hayd.jpg,Whole western conference ducking the spurs,200,San Antonio Spurs,0,0,0,0,0,1,0,0,1,1,0,San Antonio Spurs
1rpun6d,599,images_jpg/1rpun6d.jpg,Does Wiggins deserve to have his nickname snatched like Carmelo 🤔?,330,"Minnesota Timberwolves, Philadelphia 76ers",1,0,0,1,0,0,0,1,0,1,0,Minnesota Timberwolves; Philadelphia 76ers
1s887kc,871,images_jpg/1s887kc.jpg,DEEEEETROIT BASKETBALLLL,484,Detroit Pistons,0,1,0,0,0,0,0,1,0,1,0,Detroit Pistons
1qnj7s1,194,images_jpg/1qnj7s1.jpg,Lakers pre game celebration with Luka,111,Los Angeles Lakers,0,0,0,0,1,0,1,0,0,0,0,Los Angeles Lakers
1q2m7a0,29,images_jpg/1q2m7a0.jpg,What the Luka? 😅 Lakers assistant coach slaps Doncic on the arm and gravely injures him,16,Los Angeles Lakers,0,0,0,0,1,0,0,1,0,1,0,Los Angeles Lakers
1qapina,98,images_jpg/1qapina.jpg,Made out of glass,57,"Atlanta Hawks, Golden State Warriors",0,0,1,0,1,0,0,1,0,1,0,Atlanta Hawks; Golden State Warriors
1qw64zf,280,images_jpg/1qw64zf.jpg,POV: Rob Pelinka trying to make moves before the trade deadline approaches,167,Los Angeles Lakers,0,0,0,0,1,0,0,1,0,1,0,Los Angeles Lakers
1s4gkgd,819,images_jpg/1s4gkgd.jpg,Nikola Jokic's character sheet. Devs still refuse to nerf.,447,Denver Nuggets,0,0,0,1,0,0,0,1,0,1,0,Denver Nuggets
1rqzrr9,642,images_jpg/1rqzrr9.jpg,I just hope all of Bam’s victims will get justice.,353,Miami Heat,0,0,1,0,0,0,0,1,0,1,0,Miami Heat
1q2gg08,28,images_jpg/1q2gg08.jpg,"Denver Swiss National Team 🇨🇭
I am a big joker fan and I was hoping for something good this season but those 🇨🇭🇨🇭🇨🇭are hard to beat.",15,Denver Nuggets,0,0,0,1,0,0,0,1,0,1,0,Denver Nuggets
1rpimbv,594,images_jpg/1rpimbv.jpg,"KD is not gonna stay
Nearly crashed out right there lmfao. That groupchat is gonna be lit. You almost feel bad for his teammates.",326,"Golden State Warriors, Oklahoma City Thunder",0,0,0,1,1,0,0,1,0,1,0,Golden State Warriors; Oklahoma City Thunder
1qp3ewc,204,images_jpg/1qp3ewc.jpg,Clippers W.,119,LA Clippers,0,0,0,0,1,0,0,0,1,1,0,LA Clippers
1qyqfpc,312,images_jpg/1qyqfpc.jpg,Dallas made this statue to honor Anthony Davis,180,"Dallas Mavericks, New Orleans Pelicans",0,0,0,0,0,1,1,0,0,0,1,Dallas Mavericks; New Orleans Pelicans
1rfi14r,485,images_jpg/1rfi14r.jpg,Danny Ainge reaction to league investigation,269,Boston Celtics,1,0,0,0,0,0,0,1,0,1,0,Boston Celtics
1s8pe51,883,images_jpg/1s8pe51.jpg,Hawks Crept Up On The Leprechauns And BLADOW💥 2 Str8 Wins!!,491,"Atlanta Hawks, Boston Celtics",1,0,1,0,0,0,0,1,0,1,0,Atlanta Hawks; Boston Celtics
1qw4pg7,279,images_jpg/1qw4pg7.jpg,The Mavs front office after trading away the player they traded their franchise for last year,166,Dallas Mavericks,0,0,0,0,0,1,0,1,0,1,0,Dallas Mavericks
1qvhf6g,261,images_jpg/1qvhf6g.jpg,"BREAKING: The Los Angeles Clippers are trading James Harden to the Cleveland Cavaliers for Darius Garland and a second-round pick.
woops wrong James it seems.

!!!!!!!!!!!!!!!!!!!!!!!!!!!!!!!!!!!!!!!!!!!!!!!!!!!!!!!!!!!!!!!!!!!!!!!!!!!!!!!!!!!!!!!!!!!!!!!!!!!!!!!!!!!!!!!!!!!!!!!!!!!!!!!!!!!!!!!!!!!!!!!!!!!!!!!!!!!!!!!!!!!!!!!!!!!!!!!!!!!!!!!!!!!!!!!!!!!!!!!!!!!!!!!!!!!!!!!!!!!!!!!!!!!!!!!!!!!!!!!!!!!!!!!!!!!!!!!!!!!!!!!!!!!!!!!!!!!!!!!!!!!!!!!!!!!!!!!!!!!!!!!!!!!!!!!!!!!!!!!!!!!!!!!!!!!!!",155,"Cleveland Cavaliers, LA Clippers",0,1,0,0,1,0,0,1,0,1,0,Cleveland Cavaliers; LA Clippers
1q9jd8t,92,images_jpg/1q9jd8t.jpg,Anthony Davis when he sneezes too hard,52,New Orleans Pelicans,0,0,0,0,0,1,0,0,1,1,0,New Orleans Pelicans
1s64mhb,843,images_jpg/1s64mhb.jpg,Took the Mid from Akron and son 2 years just to get 1 assist,465,Cleveland Cavaliers,0,1,0,0,0,0,0,0,1,1,0,Cleveland Cavaliers
1rs5o8m,659,images_jpg/1rs5o8m.jpg,Kobe fans aren’t real 😭😭😭,363,Los Angeles Lakers,0,0,0,0,1,0,0,1,0,0,0,Los Angeles Lakers
1r13w95,336,images_jpg/1r13w95.jpg,KD and the never ending (but not ashy anymore) legs,196,"Golden State Warriors, Oklahoma City Thunder",0,0,0,1,1,0,0,0,1,1,0,Golden State Warriors; Oklahoma City Thunder
1rpk1a4,596,images_jpg/1rpk1a4.jpg,The NBA really makes no sense sometimes,327,"Brooklyn Nets, Houston Rockets",1,0,0,0,0,1,0,1,0,1,0,Brooklyn Nets; Houston Rockets
1qq0a31,209,images_jpg/1qq0a31.jpg,Rockets players trying to defend wemby,124,Houston Rockets,0,0,0,0,0,1,0,0,1,1,0,Houston Rockets
1ryhe5b,745,images_jpg/1ryhe5b.jpg,Ime wanted Bronny on the court,405,Los Angeles Lakers,0,0,0,0,1,0,0,0,1,1,0,Los Angeles Lakers
1qpwyhg,206,images_jpg/1qpwyhg.jpg,Bronny gets the steal &amp; the dunk to cut the lead down to 30,121,"Cleveland Cavaliers, Los Angeles Lakers",0,1,0,0,1,0,1,0,0,0,1,Cleveland Cavaliers; Los Angeles Lakers
1s9oyog,892,images_jpg/1s9oyog.jpg,Bruh AD,495,"Los Angeles Lakers, New Orleans Pelicans",0,0,0,0,1,1,0,1,0,1,0,Los Angeles Lakers; New Orleans Pelicans
1q35cfx,33,images_jpg/1q35cfx.jpg,Dwight Howard is in MrBeast’s next video,19,Orlando Magic,0,0,1,0,0,0,0,0,1,1,0,Orlando Magic
1rxojs0,730,images_jpg/1rxojs0.jpg,Imagine what the top 2 picks of this draft class could do,397,"Atlanta Hawks, Boston Celtics, Brooklyn Nets, Charlotte Hornets, Chicago Bulls, Cleveland Cavaliers, Dallas Mavericks, Denver Nuggets, Detroit Pistons",1,1,1,1,0,1,0,0,1,1,0,Atlanta Hawks; Boston Celtics; Brooklyn Nets; Charlotte Hornets; Chicago Bulls; Cleveland Cavaliers; Dallas Mavericks; Denver Nuggets; Detroit Pistons
1rrvpry,655,images_jpg/1rrvpry.jpg,A fight made Kawhi smile,361,Toronto Raptors,1,0,0,0,0,0,0,1,0,1,0,Toronto Raptors
1r7vw3o,422,images_jpg/1r7vw3o.jpg,Tf you mean KD got his own files now,236,"Brooklyn Nets, Oklahoma City Thunder",1,0,0,1,0,0,0,0,1,1,0,Brooklyn Nets; Oklahoma City Thunder
1s73m7v,854,images_jpg/1s73m7v.jpg,"Oh, the markets they'll overlook!
I really began to think about this as Houston took the WNBA back from Connecticut, and thinking about how KC and Rain City never got their flowers after Sacramento and Memphis took them away and let them wilt.",473,Houston Rockets,0,0,0,0,0,1,0,0,1,0,0,Houston Rockets
1r49j8f,368,images_jpg/1r49j8f.jpg,"Heat, Bulls and Hawks fans watching the Hornets try to ruin their annual play-in invitational",210,"Atlanta Hawks, Charlotte Hornets, Chicago Bulls, Miami Heat",0,1,1,0,0,0,0,1,0,1,0,Atlanta Hawks; Charlotte Hornets; Chicago Bulls; Miami Heat
1r22q6r,344,images_jpg/1r22q6r.jpg,Throwback when Kyrie had to do side missions just to play Basketball 😭,202,Cleveland Cavaliers,0,1,0,0,0,0,0,1,0,1,0,Cleveland Cavaliers
1s6jn0z,847,images_jpg/1s6jn0z.jpg,One Royal Atl Hawks Win! Bow Down Kings! Ah ah!!,467,"Atlanta Hawks, Sacramento Kings",0,0,1,0,1,0,1,0,0,1,0,Atlanta Hawks; Sacramento Kings
1ric9qs,522,images_jpg/1ric9qs.jpg,"Denver Windmill
It must be a foul because look at how wildly his arms are flailing! Give that potato-eater an Oscar!",291,Denver Nuggets,0,0,0,1,0,0,0,1,0,1,0,Denver Nuggets
1qszb8m,224,images_jpg/1qszb8m.jpg,One Year Ago Today: Luka Doncic - Anthony Davis trade randomly happens,132,"Dallas Mavericks, New Orleans Pelicans",0,0,0,0,0,1,0,1,0,1,0,Dallas Mavericks; New Orleans Pelicans
1r11nle,334,images_jpg/1r11nle.jpg,Am I crazy for thinking of Richard Jefferson 💀,194,"Atlanta Hawks, New York Knicks",1,0,1,0,0,0,0,1,0,1,0,Atlanta Hawks; New York Knicks
1qegxl6,123,images_jpg/1qegxl6.jpg,Curious Case of LeBronbenjamin Button,71,Los Angeles Lakers,0,0,0,0,1,0,0,0,1,1,0,Los Angeles Lakers
1q3znx9,35,images_jpg/1q3znx9.jpg,"here’s what happened after i posted my bathroom poster of Ayton and got myself in even more trouble
ok so, quick update on everything cuz this whole thing has gotten completely out of hand.

so here’s the deal: i ordered the Ayton poster and a matching mug from the same website. at first i was super happy, couldn’t wait to put it up on socials, a little tribute to my Lakers… nothing serious.

the first photo i posted was the Ayton poster in my bathroom, all alone. idea was simple:
show the poster, make the shower a bit less sad, and have a laugh with you guys..
except my wife saw the reddit post.
at first she thought it was just like a personal thing, no big deal. but when she saw i actually posted it online… yeah, that was the moment shit hit the fan. she started threatening divorce, calling me completely sicko, and i had to explain why i thought everyone should see my bathroom poster… yeah, very embarassing.

uhh… so yeah, just wanted to give a little update and quickly show the mug pic. the mug with Ayton and his girlfriend on it, filled with TWG tea, cuz at least i’m not completely insane and i deserve a tiny bit of luxury even if my life is a mess.

so yeah, between the poster in the bathroom, the mug with Ayton , and my wife threatening divorce… my life is just total mess. but hey, got my TWG tea, watching my team, and at least Ayton and his girlfriend are there keeping me company. loyal, obsessed, loser, but loyal.
Lets go Lakers, lets destroy the grizzlies.",21,"Los Angeles Lakers, Memphis Grizzlies",0,0,0,0,1,1,0,1,0,1,0,Los Angeles Lakers; Memphis Grizzlies
1sa7jd3,903,images_jpg/1sa7jd3.jpg,Hawks Sweep The Magic.,501,"Atlanta Hawks, Orlando Magic",0,0,1,0,0,0,1,0,0,1,0,Atlanta Hawks; Orlando Magic
1qajoca,96,images_jpg/1qajoca.jpg,[Highlight] Randle staring down Wemby and rubbing his hands together looking at his food,55,New York Knicks,1,0,0,0,0,0,0,0,1,1,0,New York Knicks
1rypi6e,750,images_jpg/1rypi6e.jpg,Barkley discussing the Lakers on this week’s Inside the NBA:,408,Los Angeles Lakers,0,0,0,0,1,0,0,1,0,1,0,Los Angeles Lakers
1rfxuxa,492,images_jpg/1rfxuxa.jpg,The Wiz clearly never studied the big fundamentals of basketball,273,Atlanta Hawks,0,0,1,0,0,0,0,1,0,1,0,Atlanta Hawks
1qewyfz,129,images_jpg/1qewyfz.jpg,"Naz Reid cooking KD.
Naz Reid cooking KD in 4k",75,Oklahoma City Thunder,0,0,0,1,0,0,0,1,0,1,0,Oklahoma City Thunder
1s17scy,778,images_jpg/1s17scy.jpg,"Obviously a lane violation, but only called when needed.",425,Boston Celtics,1,0,0,0,0,0,0,1,0,1,0,Boston Celtics
1sbhwd4,923,images_jpg/1sbhwd4.jpg,What the heck is Schröder doing?,516,"Atlanta Hawks, Oklahoma City Thunder",0,0,1,1,0,0,0,1,0,1,0,Atlanta Hawks; Oklahoma City Thunder
1rivugy,525,images_jpg/1rivugy.jpg,The Bucks are so done,293,Milwaukee Bucks,0,1,0,0,0,0,0,1,0,1,0,Milwaukee Bucks
1qfxttb,138,images_jpg/1qfxttb.jpg,Clippers in a nutshell,79,LA Clippers,0,0,0,0,1,0,0,0,1,1,0,LA Clippers
1s8ejxu,875,images_jpg/1s8ejxu.jpg,Ant didn't start in the game tonight because he was taking a shit lmao,485,"Atlanta Hawks, Charlotte Hornets, Cleveland Cavaliers",0,1,1,0,0,0,0,0,1,1,0,Atlanta Hawks; Charlotte Hornets; Cleveland Cavaliers
1rqisue,628,images_jpg/1rqisue.jpg,"Trae Young had to see 73 and 83 on his teams
Trae Young two years ago had Luka put 73 points on his team the same guy he got traded for: 

https://www.espn.com/nba/game/\_/gameId/401585262/mavericks-hawks

Fast forward today where Trae young is injured but Bam scored 83 on his team 

https://www.espn.com/nba/recap/\_/gameId/401810793

Might be cursed or something",347,"Atlanta Hawks, Dallas Mavericks",0,0,1,0,0,1,0,1,0,1,0,Atlanta Hawks; Dallas Mavericks
1rxovhz,731,images_jpg/1rxovhz.jpg,That’s Elem Wins Straight!!!!!!!!!!! AH AH AH AH AH AH AH AH AH AH AH,398,"Atlanta Hawks, Boston Celtics",1,0,1,0,0,0,1,0,0,1,0,Atlanta Hawks; Boston Celtics
1rix4hq,527,images_jpg/1rix4hq.jpg,Kings head coach Doug Christie gets LOCKED IN to take another L with some smelling salts,295,Sacramento Kings,0,0,0,0,1,0,0,1,0,1,0,Sacramento Kings
1r8hz73,430,images_jpg/1r8hz73.jpg,"When your name isn’t in the KD files
Seriously though, anyone else surprised by KD’s beef with Kerr and Curry, while dray got left out? I seem to recall the narrative surrounding KD’s departure was drama centered around dray, yet only Kerr and the “light-skin” (curry) were mentioned??",243,"Brooklyn Nets, Golden State Warriors",1,0,0,0,1,0,0,1,0,0,0,Brooklyn Nets; Golden State Warriors
1r5zo20,395,images_jpg/1r5zo20.jpg,"KD FILES
Legendary. NBA twitter is going insane. This day gonna go down in history as one of the funniest things to happen to the league 😭😭",226,"Brooklyn Nets, Oklahoma City Thunder",1,0,0,1,0,0,1,0,0,1,0,Brooklyn Nets; Oklahoma City Thunder
1qy98y6,303,images_jpg/1qy98y6.jpg,"At this point, All MVP Candidates might not meet 65 games requriement
Note: If they missed 18 games, they are out. 

Even SGA is injured right now. Though, he will probably missed 7 games before asb. But he will be reevaluated after.

The players above though are very probable to miss the game req. Yes, even Luka. He suffered a new injury right now.",176,"Dallas Mavericks, Golden State Warriors",0,0,0,0,1,1,0,1,0,1,0,Dallas Mavericks; Golden State Warriors
1ryk8aq,748,images_jpg/1ryk8aq.jpg,Is Bam going for SGA's record of consecutive 20+ points games?,407,Miami Heat,0,0,1,0,0,0,0,0,1,0,1,Miami Heat
1qm3ja8,182,images_jpg/1qm3ja8.jpg,CMON MIKAL 😩,105,Philadelphia 76ers,1,0,0,0,0,0,0,1,0,1,0,Philadelphia 76ers
1qucrzh,237,images_jpg/1qucrzh.jpg,"Don’t look now but the Charlotte Hornets have won 7 straight for the first time in nearly 10 years
You’re almost there boys, one more win and we can find somebody else to make fun of (maybe). One upvote is one prayer.",140,Charlotte Hornets,0,0,1,0,0,0,0,0,1,1,0,Charlotte Hornets
1s7uutj,868,images_jpg/1s7uutj.jpg,"""The most hyped prospect since LeBron""",483,Cleveland Cavaliers,0,1,0,0,0,0,0,1,0,1,0,Cleveland Cavaliers
1re7bw3,477,images_jpg/1re7bw3.jpg,Who wins an all-time dunk contest?,265,Chicago Bulls,0,1,0,0,0,0,0,0,1,1,0,Chicago Bulls
1rxug2x,734,images_jpg/1rxug2x.jpg,"Lebron - Not ""The"" Goat... but a Goat none the less",401,Cleveland Cavaliers,0,1,0,0,0,0,0,1,0,1,0,Cleveland Cavaliers
1rnfzsx,577,images_jpg/1rnfzsx.jpg,Kobe would be proud,316,Los Angeles Lakers,0,0,0,0,1,0,0,1,0,1,0,Los Angeles Lakers
1q7106k,68,images_jpg/1q7106k.jpg,"You're a Wizard, Trae
I'm a what?",37,Atlanta Hawks,0,0,1,0,0,0,0,0,1,1,0,Atlanta Hawks
1qfyu61,140,images_jpg/1qfyu61.jpg,Jamal Fucking Murray,81,Denver Nuggets,0,0,0,1,0,0,0,0,1,1,0,Denver Nuggets
1qyiqyw,309,images_jpg/1qyiqyw.jpg,JR Smith’s mishap in Game 1 of 2018 NBA finals mentioned in Epstein files,178,"Cleveland Cavaliers, Golden State Warriors",0,1,0,0,1,0,0,1,0,1,0,Cleveland Cavaliers; Golden State Warriors
1qz173a,318,images_jpg/1qz173a.jpg,"Bro is feining
Harden fits the Cavs perfectly—this is just the start. Bounce-back Cavs turning it around Right now",184,Cleveland Cavaliers,0,1,0,0,0,0,1,0,0,0,1,Cleveland Cavaliers
1qfycir,139,images_jpg/1qfycir.jpg,Sexton tries to guard Steph to the tunnel,80,"Cleveland Cavaliers, Golden State Warriors",0,1,0,0,1,0,0,0,1,1,0,Cleveland Cavaliers; Golden State Warriors
1sacexg,905,images_jpg/1sacexg.jpg,"Forget the 100 point record, which player is mostly likely to get a quadruple double again? 👀",503,Oklahoma City Thunder,0,0,0,1,0,0,0,0,1,1,0,Oklahoma City Thunder
1qucu0i,238,images_jpg/1qucu0i.jpg,"One year ago today, where exactly were you when you first heard the news?
I was mostly napping the whole day, and then I decided to sit on the couch and turn on the TV and put on SportsCenter and the trade was revealed to me then. I remember mouthing ""Wow"". Insane trade.",141,"Atlanta Hawks, Golden State Warriors",0,0,1,0,1,0,1,0,0,0,1,Atlanta Hawks; Golden State Warriors
1sco52w,934,images_jpg/1sco52w.jpg,"I don’t think many people understand that Langston Galloway is mostly responsible for qualifying Team USA to them World Cups in the first place
LeBron who? This here is the real Captain America!

Man is always available to rep the flag in FIBA competition whenever the NBA guys are still in the middle of the season. 🫡",525,New York Knicks,1,0,0,0,0,0,1,0,0,1,0,New York Knicks
1qmmm20,187,images_jpg/1qmmm20.jpg,Guarding prime Harden be like,108,Houston Rockets,0,0,0,0,0,1,0,1,0,1,0,Houston Rockets
1r6f0bf,405,images_jpg/1r6f0bf.jpg,Rajon Rainbow,230,"Boston Celtics, Los Angeles Lakers",1,0,0,0,1,0,0,1,0,1,0,Boston Celtics; Los Angeles Lakers
1rbgwwu,453,images_jpg/1rbgwwu.jpg,I thought this was just a random Lakers fan casual but it's actually the House of Highlights social media manager. NBA discourse is cooked,253,Los Angeles Lakers,0,0,0,0,1,0,0,0,1,1,0,Los Angeles Lakers
1s7as98,857,images_jpg/1s7as98.jpg,Name a better jersey swap,475,Atlanta Hawks,0,0,1,0,0,0,0,1,0,1,0,Atlanta Hawks
1rzvspb,761,images_jpg/1rzvspb.jpg,Bruh Bronny,415,Los Angeles Lakers,0,0,0,0,1,0,0,1,0,1,0,Los Angeles Lakers
1qwcqbb,283,images_jpg/1qwcqbb.jpg,PeriodP,169,Portland Trail Blazers,0,0,0,1,0,0,0,0,1,1,0,Portland Trail Blazers
1rmk6i2,565,images_jpg/1rmk6i2.jpg,"The Spurs to the Pistons
design by qlurr on deviantart, I remade the drawing  
\-\_\_\_\_\_\_\_\_\_\_\_\_\_\_\_\_\_\_\_\_\_\_\_\_\_\_\_\_",311,"Detroit Pistons, San Antonio Spurs",0,1,0,0,0,1,0,1,0,1,0,Detroit Pistons; San Antonio Spurs
1rm4wkc,560,images_jpg/1rm4wkc.jpg,Trae Young Debut,308,Atlanta Hawks,0,0,1,0,0,0,0,0,1,1,0,Atlanta Hawks
1qgmbkj,143,images_jpg/1qgmbkj.jpg,"Today I remembered the greatest internet page, that exposes Jordon's menace and overrated nature",83,Chicago Bulls,0,1,0,0,0,0,0,1,0,1,0,Chicago Bulls
1qygkej,306,images_jpg/1qygkej.jpg,"No wonder the refs favor them 🥀🥀
OKC plays fast, shoots pretty, and celebrates like a boy band—pure zest, zero shame all season long!!!",177,Oklahoma City Thunder,0,0,0,1,0,0,1,0,0,0,0,Oklahoma City Thunder
1qw1g9o,275,images_jpg/1qw1g9o.jpg,PSA from the Dallas Mavericks to any potential free agents: “we hate you!”,163,Dallas Mavericks,0,0,0,0,0,1,0,1,0,1,0,Dallas Mavericks
1s2rc01,794,images_jpg/1s2rc01.jpg,The greatest basketball scene in the history of cinema,433,Indiana Pacers,0,1,0,0,0,0,1,0,0,0,1,Indiana Pacers
1r5m7ev,383,images_jpg/1r5m7ev.jpg,"Lakers and Ny Knicks in the future: Cooper Flagg, Luka Doncic, Aj Dybantsa, Giannis, Wemby, Other team Brunson, Mitchell, Bronny James, Sengun, Jokic",218,"Los Angeles Lakers, New York Knicks",1,0,0,0,1,0,0,0,1,0,0,Los Angeles Lakers; New York Knicks
1rhxih4,516,images_jpg/1rhxih4.jpg,Draymond mixtape,288,Golden State Warriors,0,0,0,0,1,0,0,1,0,1,0,Golden State Warriors
1s2t069,795,images_jpg/1s2t069.jpg,"Kyle ""Slo-mo"" Anderson's handle",434,"Atlanta Hawks, San Antonio Spurs",0,0,1,0,0,1,0,1,0,1,0,Atlanta Hawks; San Antonio Spurs
1qxsajj,297,images_jpg/1qxsajj.jpg,Dillon Brooks reveals his next move against LeBron James,175,"Los Angeles Lakers, Memphis Grizzlies",0,0,0,0,1,1,0,0,1,0,0,Los Angeles Lakers; Memphis Grizzlies
1qz98u8,322,images_jpg/1qz98u8.jpg,"Kings with the most ethical tank in the league. No benching star players, no tanking gimmicks, just pure ass hoops.",188,Sacramento Kings,0,0,0,0,1,0,1,0,0,0,0,Sacramento Kings
1rk9u9x,543,images_jpg/1rk9u9x.jpg,Tim Duncan would be proud,303,San Antonio Spurs,0,0,0,0,0,1,0,1,0,1,0,San Antonio Spurs
1rko9mb,546,images_jpg/1rko9mb.jpg,"""Keep my horse's name out of your mouth""",304,Atlanta Hawks,0,0,1,0,0,0,0,1,0,1,0,Atlanta Hawks
1qv7h4l,249,images_jpg/1qv7h4l.jpg,"Ima just call it now, Giannis is going to Miami.",148,"Miami Heat, Milwaukee Bucks",0,1,1,0,0,0,1,0,0,1,0,Miami Heat; Milwaukee Bucks
1rs2bvh,658,images_jpg/1rs2bvh.jpg,83 points is 83 points. It’s forever set in stone.,362,"Golden State Warriors, Houston Rockets",0,0,0,0,1,1,0,0,1,1,0,Golden State Warriors; Houston Rockets
1s24brs,788,images_jpg/1s24brs.jpg,Should Doc Rivers make the Hall of Fame?,430,LA Clippers,0,0,0,0,1,0,0,0,1,1,0,LA Clippers
1r14519,337,images_jpg/1r14519.jpg,When you try to investigate the Jazz for tanking,197,Utah Jazz,0,0,0,1,0,0,0,1,0,1,0,Utah Jazz
1rf0il0,482,images_jpg/1rf0il0.jpg,The Lakers should bench any size 18 shoe in clutch time,267,Los Angeles Lakers,0,0,0,0,1,0,0,0,1,1,0,Los Angeles Lakers
1s3fxo2,799,images_jpg/1s3fxo2.jpg,THANK YOU NICO!! YOU SAW THE VISION,437,Brooklyn Nets,1,0,0,0,0,0,1,0,0,0,0,Brooklyn Nets
1rubng9,688,images_jpg/1rubng9.jpg,"I'll be there when you're hurt, LeBoo",381,"Indiana Pacers, Miami Heat",0,1,1,0,0,0,0,0,1,0,0,Indiana Pacers; Miami Heat
1rp1ej9,589,images_jpg/1rp1ej9.jpg,Jayson Tatum's surgeon,322,Boston Celtics,1,0,0,0,0,0,0,1,0,1,0,Boston Celtics
1qs3umb,222,images_jpg/1qs3umb.jpg,"A recently retired Michael Jordan stops by the Bulls practice and Corey Benjamin says to him ""I'm sorry you retired, cause I wanted to take you 1 on 1"". Jordan (of course) took that personally and immediately challenged Benjamin to 1v1 (1999)",131,Chicago Bulls,0,1,0,0,0,0,0,0,1,1,0,Chicago Bulls
1s20rhb,786,images_jpg/1s20rhb.jpg,That’s Two Str8 More Than Great Wins!! Ah Ah!!,429,Atlanta Hawks,0,0,1,0,0,0,1,0,0,1,0,Atlanta Hawks
1s4by1a,816,images_jpg/1s4by1a.jpg,"The Sacramento Kings got beat so badly, their social media pages didn't want to post the final score bruh",445,Sacramento Kings,0,0,0,0,1,0,0,1,0,1,0,Sacramento Kings
1qiphik,161,images_jpg/1qiphik.jpg,Jamal Murray in the 2nd half against the Lakers 😭,93,"Denver Nuggets, Los Angeles Lakers",0,0,0,1,1,0,0,1,0,1,0,Denver Nuggets; Los Angeles Lakers
1s7mvir,864,images_jpg/1s7mvir.jpg,Greatest 1 hit wonder?,480,Atlanta Hawks,0,0,1,0,0,0,0,0,1,1,0,Atlanta Hawks
1s47k1i,814,images_jpg/1s47k1i.jpg,Three Straight The Hard Way. But…A Quality Road Win In Detroit!!! Ah Ah Ah!!!,444,Detroit Pistons,0,1,0,0,0,0,1,0,0,0,1,Detroit Pistons
1qv0hnb,244,images_jpg/1qv0hnb.jpg,“We fine in the west”,144,"Atlanta Hawks, Boston Celtics, Brooklyn Nets, Charlotte Hornets, Chicago Bulls, Cleveland Cavaliers, Dallas Mavericks, Denver Nuggets, Detroit Pistons, Golden State Warriors, Houston Rockets, Indiana Pacers, LA Clippers, Los Angeles Lakers, Memphis Grizzlies",1,1,1,1,1,1,0,0,1,0,0,Atlanta Hawks; Boston Celtics; Brooklyn Nets; Charlotte Hornets; Chicago Bulls; Cleveland Cavaliers; Dallas Mavericks; Denver Nuggets; Detroit Pistons; Golden State Warriors; Houston Rockets; Indiana Pacers; LA Clippers; Los Angeles Lakers; Memphis Grizzlies
1rgqn3b,498,images_jpg/1rgqn3b.jpg,"""I'm not no Clint Capela""",279,Atlanta Hawks,0,0,1,0,0,0,0,1,0,1,0,Atlanta Hawks
1qzk05v,324,images_jpg/1qzk05v.jpg,Josh Hart + Jose Alvarado: JoJo's Bizarre Adventures.,190,Philadelphia 76ers,1,0,0,0,0,0,0,0,1,1,0,Philadelphia 76ers
1qqawit,211,images_jpg/1qqawit.jpg,All star Jamal Murray,125,Denver Nuggets,0,0,0,1,0,0,1,0,0,1,0,Denver Nuggets
1q0mr39,18,images_jpg/1q0mr39.jpg,If LeBron just abandoned Bronny we could’ve had another 10 years of his prime,7,Los Angeles Lakers,0,0,0,0,1,0,0,1,0,1,0,Los Angeles Lakers
1s8hn84,877,images_jpg/1s8hn84.jpg,TIL: DeMarcus Cousins still plays pro basketball… in Mongolia 🇲🇳,487,Sacramento Kings,0,0,0,0,1,0,0,0,1,1,0,Sacramento Kings
1qhl18s,149,images_jpg/1qhl18s.jpg,Ty Lue drawing plays:,87,Cleveland Cavaliers,0,1,0,0,0,0,0,0,1,1,0,Cleveland Cavaliers
1r12225,335,images_jpg/1r12225.jpg,"Jimmy on IG: “hey bighead”, Buddy Hield: “Why you trade me😭”",195,New Orleans Pelicans,0,0,0,0,0,1,0,1,0,1,0,New Orleans Pelicans
1r26av7,347,images_jpg/1r26av7.jpg,"didn't know @wendys serves G.O.A.T ??
Employee: What would you like?

The TV Menu: LeBron Raymone James Sr.  

The man who saved Wendy's legacy.",203,"Cleveland Cavaliers, Los Angeles Lakers",0,1,0,0,1,0,1,0,0,1,0,Cleveland Cavaliers; Los Angeles Lakers
1qw2u01,278,images_jpg/1qw2u01.jpg,With his move to Washington AD has finally completed the Shaq rainbow,165,"Los Angeles Lakers, New Orleans Pelicans",0,0,0,0,1,1,1,0,0,1,0,Los Angeles Lakers; New Orleans Pelicans
1rmyk5p,572,images_jpg/1rmyk5p.jpg,Marcus Smart missed 2 open shots to secure the win for Denver,313,"Boston Celtics, Denver Nuggets",1,0,0,1,0,0,0,1,0,1,0,Boston Celtics; Denver Nuggets
1qi8u8b,158,images_jpg/1qi8u8b.jpg,Knicks have lost 9 of their last 11 games.,90,New York Knicks,1,0,0,0,0,0,0,1,0,1,0,New York Knicks
1r4v14e,375,images_jpg/1r4v14e.jpg,Very likely to happen that an American NBA MVP wont be seen in the 2020s decade.,213,"Golden State Warriors, Los Angeles Lakers",0,0,0,0,1,0,0,0,1,0,1,Golden State Warriors; Los Angeles Lakers
1r8nmcs,433,images_jpg/1r8nmcs.jpg,“Draymond Green is guarding you” if ykyk,245,Golden State Warriors,0,0,0,0,1,0,0,0,1,1,0,Golden State Warriors
1r7pll4,420,images_jpg/1r7pll4.jpg,Where does Triple Double Cocaine Bear rank all time?,235,Los Angeles Lakers,0,0,0,0,1,0,0,0,1,1,0,Los Angeles Lakers
1s6c22k,846,images_jpg/1s6c22k.jpg,"It’s not “goodbye”, it’s see you later @chicagobulls",466,Chicago Bulls,0,1,0,0,0,0,0,1,0,1,0,Chicago Bulls
1qtaxzk,226,images_jpg/1qtaxzk.jpg,One Year Ago Today: Steph &amp; Draymond’s Live Reaction to Luka-to-Lakers Trade News,134,"Golden State Warriors, Los Angeles Lakers",0,0,0,0,1,0,0,0,1,1,0,Golden State Warriors; Los Angeles Lakers
1rg6dy5,493,images_jpg/1rg6dy5.jpg,"Coming out (slowmosexual)
Hey yall, this post was hard for me make as my rents don’t know this and my longtime gf wants to start a life with me haha. But I’m finally admitting and coming out as a slowmosexual. I know, I know, in today’s political landscape we are very split, but I couldn’t take it no more as I can’t escape who I really am. I’ve always had a fascination with how slow Kyle Anderson played but so efficient at the same time. My love for his play style really questioned my sexuality, but I’m proud to say that I am out now!! 😎

Anybody else coming out??",274,LA Clippers,0,0,0,0,1,0,0,0,1,0,0,LA Clippers
1q6wsdd,63,images_jpg/1q6wsdd.jpg,"Class Presentation about Rudy Gobert🥹
I’ve got a presentation for my french class tomorrow (in french ofc) about the great glorious Rudy Gobert. Pls pray for me🙏🙏 because i can’t speak french for shit",35,Utah Jazz,0,0,0,1,0,0,0,0,1,1,0,Utah Jazz
1qmudvt,188,images_jpg/1qmudvt.jpg,Fan wearing KD jersey hears it from him,109,"Golden State Warriors, Oklahoma City Thunder",0,0,0,1,1,0,0,1,0,1,0,Golden State Warriors; Oklahoma City Thunder
1q0tm5z,20,images_jpg/1q0tm5z.jpg,"spurs fanbase is doomed
“top 10 all time player when healthy” pels fans and lakers fans will comfort you and agree, but your love for basketball will slowly die as he spends weeks of the season on the bench and you crawl into the playoffs only to get swept out of the 1st round as you say “damn if only he was healthy!”",8,San Antonio Spurs,0,0,0,0,0,1,0,1,0,1,0,San Antonio Spurs
1s8l8ym,879,images_jpg/1s8l8ym.jpg,"I'm Embarrased - Hawks Logo
I've been a fan since I was a kid who moved to Atlanta in 1992. Thirty-plus years!

I was on [NBA.com](http://NBA.com) just now looking at standings, and I noticed something that I never have before...I finally saw the Hawks logo the way it was meant to be seen.

My whole life I've been viewing it right to left. It always looked like some predatory Pac-Man-esque creature, like a hawk with a single tooth and open beak snapping at prey or something.

But today, for the first time ever, I viewed it left to right. And it's clearly just... a hawk. In flight probably. That's it. That's the whole thing.

I feel like an idiot. Thirty years. I can't be the only one. Right? Right??",488,Atlanta Hawks,0,0,1,0,0,0,0,0,1,1,0,Atlanta Hawks
1s1568y,777,images_jpg/1s1568y.jpg,Kuminga contributed to Warriors so Podz helped him,424,Golden State Warriors,0,0,0,0,1,0,0,1,0,1,0,Golden State Warriors
1s3eg0y,798,images_jpg/1s3eg0y.jpg,Lakers fans switch up fast,436,Los Angeles Lakers,0,0,0,0,1,0,0,1,0,1,0,Los Angeles Lakers
1rxs8du,732,images_jpg/1rxs8du.jpg,Impressive very nice. Now let's see Tim Duncan's gold medals.,399,San Antonio Spurs,0,0,0,0,0,1,1,0,0,0,1,San Antonio Spurs
1rp3t3c,590,images_jpg/1rp3t3c.jpg,You can't touch Shai,323,Oklahoma City Thunder,0,0,0,1,0,0,0,1,0,1,0,Oklahoma City Thunder
1rqhokn,622,images_jpg/1rqhokn.jpg,"Welcome to the GOAT Debate, Bam Adebayo!
The best part is I just watched the newest Jxmmy Highroller video about why it's impossible to score 100 points in today's NBA",343,Miami Heat,0,0,1,0,0,0,0,0,1,1,0,Miami Heat
1rw2cm6,707,images_jpg/1rw2cm6.jpg,Spencer Jones getting the Paul George special,390,"Indiana Pacers, LA Clippers, Oklahoma City Thunder",0,1,0,1,1,0,0,1,0,1,0,Indiana Pacers; LA Clippers; Oklahoma City Thunder
1q0ubxs,22,images_jpg/1q0ubxs.jpg,Good lord,10,Atlanta Hawks,0,0,1,0,0,0,0,0,1,1,0,Atlanta Hawks
1qvl1xo,262,images_jpg/1qvl1xo.jpg,"Just a wildly funny career for James Harden — always getting what he wants, and it never working out",156,"Houston Rockets, Oklahoma City Thunder",0,0,0,1,0,1,0,1,0,1,0,Houston Rockets; Oklahoma City Thunder
1re5dt0,476,images_jpg/1re5dt0.jpg,Luka with the game on the line,264,Dallas Mavericks,0,0,0,0,0,1,0,0,1,1,0,Dallas Mavericks
1q8dquv,77,images_jpg/1q8dquv.jpg,"Number 3 for Trae Young
So the Wizards ain't planning to retire number 3 for Bradley Beal someday?",44,"Atlanta Hawks, Washington Wizards",0,0,1,0,0,0,0,0,1,1,0,Atlanta Hawks; Washington Wizards
1qo5zqm,198,images_jpg/1qo5zqm.jpg,Luka Doncic last 4 games: 37.3 - 9.8 - 10.3 - 68 TS%,115,Dallas Mavericks,0,0,0,0,0,1,1,0,0,0,1,Dallas Mavericks
1ry7tgx,741,images_jpg/1ry7tgx.jpg,It only took 7 years for Deandre Ayton to realize he’s not a superstar,404,Phoenix Suns,0,0,0,0,1,0,0,1,0,1,0,Phoenix Suns
1r9jzqy,435,images_jpg/1r9jzqy.jpg,Why didn't the Knicks beat the Pistons? Are they stupid?,246,"Detroit Pistons, New York Knicks",1,1,0,0,0,0,0,1,0,1,0,Detroit Pistons; New York Knicks
1rokfyf,585,images_jpg/1rokfyf.jpg,The 2025-26 Pistons,320,Detroit Pistons,0,1,0,0,0,0,0,0,1,0,0,Detroit Pistons
1rqipag,627,images_jpg/1rqipag.jpg,"SGA seeing the Wizards let Bam attempt 43 FTs in a game
Not sure if OKC still has to play Washington but I bet there is a big red circle on SGA's calendar if they do.",346,"Oklahoma City Thunder, Sacramento Kings, Washington Wizards",0,0,1,1,1,0,0,1,0,1,0,Oklahoma City Thunder; Sacramento Kings; Washington Wizards
1qrle25,217,images_jpg/1qrle25.jpg,"""They’re so much more physical and quick than I could have ever imagined. You know that every NBA groupie is elite, but no matter how much you prepare, it’s challenging to be totally ready when you’re actually face to face with them outside the arena.""",128,"Brooklyn Nets, Cleveland Cavaliers, Golden State Warriors",1,1,0,0,1,0,0,1,0,1,0,Brooklyn Nets; Cleveland Cavaliers; Golden State Warriors
1r5s12c,385,images_jpg/1r5s12c.jpg,"Luka hates Dallas organization
After that Lakers-Mavs trade last year, Luka really hates the organization but Dallas fans will always have a special place in Luka’s heart. He hates Nico and Jason Kidd, btw.",219,"Dallas Mavericks, Los Angeles Lakers",0,0,0,0,1,1,0,1,0,0,0,Dallas Mavericks; Los Angeles Lakers
1qwf1xe,286,images_jpg/1qwf1xe.jpg,Welcome to D.C.,171,Washington Wizards,0,0,1,0,0,0,0,1,0,1,0,Washington Wizards
1qrmqwq,219,images_jpg/1qrmqwq.jpg,The Greek FREAK,130,Milwaukee Bucks,0,1,0,0,0,0,0,0,1,1,0,Milwaukee Bucks
1rbkxlt,454,images_jpg/1rbkxlt.jpg,Everytime I hear Mr. Dickerson I think of this happening,254,"Atlanta Hawks, Boston Celtics",1,0,1,0,0,0,0,1,0,1,0,Atlanta Hawks; Boston Celtics
1rq82rr,606,images_jpg/1rq82rr.jpg,Just a picture of Luka and the Lakers,335,Los Angeles Lakers,0,0,0,0,1,0,0,0,1,0,1,Los Angeles Lakers
1ru4bpn,685,images_jpg/1ru4bpn.jpg,Luka post game tonight,378,Dallas Mavericks,0,0,0,0,0,1,0,1,0,1,0,Dallas Mavericks
1q7m4p5,74,images_jpg/1q7m4p5.jpg,"Paolo's toe was behind the line. Haters gonna hate.
As close as it gets. If anything, too close to overturn.",41,Atlanta Hawks,0,0,1,0,0,0,0,1,0,1,0,Atlanta Hawks
1qz8mrt,320,images_jpg/1qz8mrt.jpg,10 Year Old Kobe Bryant in Italy,186,Los Angeles Lakers,0,0,0,0,1,0,0,0,1,0,1,Los Angeles Lakers
1qvvmsx,268,images_jpg/1qvvmsx.jpg,"Kuminga watching everybody else make trades right now..
Classic warriors not moving quickly with an asset they know is distressed.. I have a feeling Kuminga isn’t going to net them very much at this point.",159,Golden State Warriors,0,0,0,0,1,0,0,1,0,1,0,Golden State Warriors
1sb8j05,921,images_jpg/1sb8j05.jpg,"""Pack your bags Bronny, we're going back to Cleveland""",514,Cleveland Cavaliers,0,1,0,0,0,0,0,1,0,1,0,Cleveland Cavaliers
1scmj57,932,images_jpg/1scmj57.jpg,"Lakers’ fans relax, we good",523,Los Angeles Lakers,0,0,0,0,1,0,0,0,1,1,0,Los Angeles Lakers
1rqhod0,621,images_jpg/1rqhod0.jpg,Bam was just 11 points away from having the highest scoring game in the 2000s,342,Miami Heat,0,0,1,0,0,0,0,0,1,1,0,Miami Heat
1q8v3cy,85,images_jpg/1q8v3cy.jpg,The truly unbreakable record,47,Golden State Warriors,0,0,0,0,1,0,0,0,1,0,0,Golden State Warriors
1s78a5t,855,images_jpg/1s78a5t.jpg,What else must Luka do to win MVP?,474,Dallas Mavericks,0,0,0,0,0,1,0,1,0,1,0,Dallas Mavericks
1q75k3w,72,images_jpg/1q75k3w.jpg,"Tari Eason knows one word
When asked: ""What makes Deni so hard to defend?""

""Zebras""",40,Washington Wizards,0,0,1,0,0,0,0,1,0,1,0,Washington Wizards
1rugmjt,690,images_jpg/1rugmjt.jpg,I don’t blame him it’s literally lebron,382,Los Angeles Lakers,0,0,0,0,1,0,1,0,0,1,0,Los Angeles Lakers
1sb1vac,914,images_jpg/1sb1vac.jpg,Petition to replace the Lakers logo,510,Los Angeles Lakers,0,0,0,0,1,0,0,0,1,1,0,Los Angeles Lakers
1q58slq,52,images_jpg/1q58slq.jpg,SGA and the refs be like,30,Atlanta Hawks,0,0,1,0,0,0,0,1,0,1,0,Atlanta Hawks
1rvwjvp,706,images_jpg/1rvwjvp.jpg,A what sprain for Kawhi???,389,Toronto Raptors,1,0,0,0,0,0,0,1,0,1,0,Toronto Raptors
1rsb28u,661,images_jpg/1rsb28u.jpg,Eight Straight Hawks Wins !!!!!!!!,364,Atlanta Hawks,0,0,1,0,0,0,1,0,0,1,0,Atlanta Hawks
1q24rp6,26,images_jpg/1q24rp6.jpg,"I printed a life size Deandre Ayton poster and now it’s in my shower
I took the Deandre Ayton copypasta too far..    

i finally crossed the line and i need to confess because at this point i cannot keep pretending this is just irony.

Some of you know me on this sub as the guy who keeps posting Ayton copypastas. At first it was jokes. Then it became a bit. Then it became a routine. And somewhere along the way i stopped being ironic without really noticing.

It all started with a stupid bet with another redditor here. We were arguing for the thousandth time about Deandre Ayton being misunderstood, secretly elite, spiritually dominant, etc. He jokingly said if i was really that close to Ayton i should prove it. i replied that if Ayton wanted me to do something i would do it. Bet was made. Loser had to commit to the bit.

So i did what any sane married adult would do. i ordered a life size poster of Deandre Ayton in a Lakers jersey.

i didn’t go to some shady random site either.   
i used a website called BigPoster dot com, the kind of website offices use to print conference banners and trade show standees.   
They literally have an option called custom life size poster. You upload an image, choose exact human dimensions.. not sure if this is waterproof tho. 

i uploaded a high resolution Ayton photo, selected 7 feet scale because accuracy matters, paid an amount of money i will not repeat here, and waited.

When the package arrived my wife asked what it was. i told her it was a mirror. This was my first lie..and im not proud of this

i installed it in the bathroom. Specifically inside the shower area. Facing inward. At eye level. When i shower now, it feels like Ayton is there. Watching and supporting.   
Evaluating my defensive positioning...i swear the steam makes it more realistic.

Is this gay? Probably. Is it cheating. Maybe?!  

At some point it stopped being about the bet. i now schedule my showers. i think about rotations. i apologize out loud when i miss spots. i catch myself explaining my day to a laminated image of a man who does not know i exist.

The worst part is that it feels normal now. Like i unlocked a hidden Ayton perk. Shower chemistry. Locker room aura. Elite vertical spacing in a tiled environment.

So yes. The rumors are true. i followed through. The poster exists. The relationship is real. The marriage is probably not long for this world.. but i still love Vando!

i just wanted you all to know that words have consequences and sometimes a copypasta becomes a lifestyle.

If Ayton sees this. I kept my promise.  
And right now as i’m writing this, i’m sitting in front of my computer in my underwear, eating a bowl of cereal. i don’t really know if this is the moment where i should seriously question my life choices, or if i should just keep going and quietly admire Deandre Ayton’s beautiful hands, because they genuinely look so soft it almost feels disrespectful not to appreciate them.",13,Los Angeles Lakers,0,0,0,0,1,0,0,0,1,1,0,Los Angeles Lakers
1r9sh3y,438,images_jpg/1r9sh3y.jpg,"In the wake of the KD files, I found Shai, Luka and Deni's joint Reddit burner account",247,"Dallas Mavericks, Oklahoma City Thunder",0,0,0,1,0,1,0,0,1,1,0,Dallas Mavericks; Oklahoma City Thunder
1s0gww7,767,images_jpg/1s0gww7.jpg,How many games is this team losing?,418,"Atlanta Hawks, Boston Celtics, Brooklyn Nets, Charlotte Hornets, Chicago Bulls, Cleveland Cavaliers, Dallas Mavericks, Denver Nuggets, Detroit Pistons, Golden State Warriors, Houston Rockets, Indiana Pacers, LA Clippers",1,1,1,1,1,1,0,0,1,0,0,Atlanta Hawks; Boston Celtics; Brooklyn Nets; Charlotte Hornets; Chicago Bulls; Cleveland Cavaliers; Dallas Mavericks; Denver Nuggets; Detroit Pistons; Golden State Warriors; Houston Rockets; Indiana Pacers; LA Clippers
1rqka0p,630,images_jpg/1rqka0p.jpg,"Brandin Podziemski gave Jazz fans free chickens and a dub tonight.

Bro deserves a statue outside Delta Center for this 😭",349,Utah Jazz,0,0,0,1,0,0,1,0,0,0,0,Utah Jazz
1rqil94,626,images_jpg/1rqil94.jpg,"I think I might be the NBA fan equivalent of bad luck Brian. (Congrats Bam).
Super fan Travels to Miami hoping to see his hometown team play.  Sees historic game where bam drops 83 points on their Heads.",345,"Chicago Bulls, Miami Heat",0,1,1,0,0,0,1,0,0,1,0,Chicago Bulls; Miami Heat
1r6s351,410,images_jpg/1r6s351.jpg,AirPodz,231,Golden State Warriors,0,0,0,0,1,0,0,0,1,1,0,Golden State Warriors
1rrh68k,650,images_jpg/1rrh68k.jpg,Suddenly 47% field goal percentage is bad to lakers fans,358,Los Angeles Lakers,0,0,0,0,1,0,0,1,0,1,0,Los Angeles Lakers
1qvb9gs,254,images_jpg/1qvb9gs.jpg,The tale of Uncarus tells all never Unc too close to the sun,150,Phoenix Suns,0,0,0,0,1,0,0,0,1,1,0,Phoenix Suns
1rt2znc,671,images_jpg/1rt2znc.jpg,SGA and them damn shades man,369,Atlanta Hawks,0,0,1,0,0,0,0,1,0,1,0,Atlanta Hawks
1rf31ua,483,images_jpg/1rf31ua.jpg,Wemby is being watched by one of his kinds 👽🛸,268,Atlanta Hawks,0,0,1,0,0,0,0,0,1,1,0,Atlanta Hawks
1rgcjkb,494,images_jpg/1rgcjkb.jpg,Classic Perkins,275,"Atlanta Hawks, Boston Celtics",1,0,1,0,0,0,0,0,1,1,0,Atlanta Hawks; Boston Celtics
1s0pbsg,772,images_jpg/1s0pbsg.jpg,"If SGA wins another MVP and title, would he have a legitimate case over Dwyane Wade all-time?",421,Atlanta Hawks,0,0,1,0,0,0,0,0,1,0,0,Atlanta Hawks
1qv5dzp,248,images_jpg/1qv5dzp.jpg,"Warriors, Wolves, and Heat",147,"Golden State Warriors, Miami Heat, Minnesota Timberwolves",0,0,1,1,1,0,0,1,0,1,0,Golden State Warriors; Miami Heat; Minnesota Timberwolves
1sdcoud,943,images_jpg/1sdcoud.jpg,Luka Dončić and Austin Reaves are in the hospital,530,"Atlanta Hawks, Dallas Mavericks",0,0,1,0,0,1,0,1,0,1,0,Atlanta Hawks; Dallas Mavericks
1qbtnpd,103,images_jpg/1qbtnpd.jpg,Who will stop the giant meteor??,59,Golden State Warriors,0,0,0,0,1,0,1,0,0,1,0,Golden State Warriors
1s9dhu5,890,images_jpg/1s9dhu5.jpg,Anyone still thinks Jaylen Brown is better than Luka Doncic?,494,"Boston Celtics, Dallas Mavericks",1,0,0,0,0,1,0,0,1,1,0,Boston Celtics; Dallas Mavericks
1rqi9z3,625,images_jpg/1rqi9z3.jpg,Kelel ware making a whole lotta sense now,344,Atlanta Hawks,0,0,1,0,0,0,0,0,1,1,0,Atlanta Hawks
1rk6twi,542,images_jpg/1rk6twi.jpg,"My college bathroom seats look like LeBron’s head
Or am I going crazy? (Specifically the toy)",302,"Cleveland Cavaliers, Los Angeles Lakers",0,1,0,0,1,0,0,0,1,1,0,Cleveland Cavaliers; Los Angeles Lakers
1q99x6h,89,images_jpg/1q99x6h.jpg,Anthony Davis won't return...,50,New Orleans Pelicans,0,0,0,0,0,1,0,1,0,1,0,New Orleans Pelicans
1s6ym3t,852,images_jpg/1s6ym3t.jpg,Might have to sub Steve Kerr in,471,Golden State Warriors,0,0,0,0,1,0,0,1,0,1,0,Golden State Warriors
1qvfw1q,260,images_jpg/1qvfw1q.jpg,"Rest assured, this will be the fourth time I have destroyed a team, and I have become exceedingly efficient at it.",154,Golden State Warriors,0,0,0,0,1,0,0,1,0,1,0,Golden State Warriors
1rftw5c,489,images_jpg/1rftw5c.jpg,Lakers and Rockets play each other back to back in March,270,"Houston Rockets, Los Angeles Lakers",0,0,0,0,1,1,0,0,1,1,0,Houston Rockets; Los Angeles Lakers
1qlfmw8,176,images_jpg/1qlfmw8.jpg,"Despite the loss, Lu Dort shows us what he’s made of, and exactly why he’s earned his place on a championship roster
2 points

3 rebounds 

1 assist

1 turnover 

2 personal fouls

1/9 shooting

\-17 bpm

All managed in a gruelling 35 minute performance.",101,Charlotte Hornets,0,0,1,0,0,0,0,1,0,0,1,Charlotte Hornets
